station,category,sample_id,name,source_poi_id,entity_id,lng,lat,point_basis,public_access_status,selection,coordinate_system,commuter_group,source_method,source_request_id,parent_poi_id,point_name,source_url,selection_scope,selection_radius_m,straight_to_station_m,speed_kmh,threshold_min,model_status,best_distance_m,best_time_min,best_api_duration_s,best_entrance,best_entrance_id,best_detour_ratio,best_request_id,tested_entrances,valid_entrances,expected_entrances,minimum_confirmed_within_candidate_set,current_public_passability,scenario_assumption
八一广场,住宅,八一广场_B0FFGA98LS,莎莎小区,B0FFGA98LS,B0FFGA98LS,115.902474,28.675477,api_entrance_coordinate_unverified,unknown,category_quota_distance_band_sha256,GCJ-02,resident,legacy_pilot_api_entrance,,,莎莎小区入口坐标,https://ditu.amap.com/place/B0FFGA98LS,primary_1000m,1000,41.85,4.5,10,model_covered,63.0,0.84,50.0,八一广场地铁站5号口,BX10020281,,f6f8f2966fc4546fa58f_20261004T143602632571Z,9,9,9,True,excluded_from_scope,门禁和临时封路不纳入本轮；结果为导航步行模型，公众通行未实地验证
八一广场,住宅,八一广场_B0FFGA98LS,莎莎小区,B0FFGA98LS,B0FFGA98LS,115.902474,28.675477,api_entrance_coordinate_unverified,unknown,category_quota_distance_band_sha256,GCJ-02,resident,legacy_pilot_api_entrance,,,莎莎小区入口坐标,https://ditu.amap.com/place/B0FFGA98LS,primary_1000m,1000,41.85,4.5,15,model_covered,63.0,0.84,50.0,八一广场地铁站5号口,BX10020281,,f6f8f2966fc4546fa58f_20261004T143602632571Z,9,9,9,True,excluded_from_scope,门禁和临时封路不纳入本轮；结果为导航步行模型，公众通行未实地验证
八一广场,住宅,八一广场_B0FFGA98LS,莎莎小区,B0FFGA98LS,B0FFGA98LS,115.902474,28.675477,api_entrance_coordinate_unverified,unknown,category_quota_distance_band_sha256,GCJ-02,resident,legacy_pilot_api_entrance,,,莎莎小区入口坐标,https://ditu.amap.com/place/B0FFGA98LS,primary_1000m,1000,41.85,3.5,10,model_covered,63.0,1.08,50.0,八一广场地铁站5号口,BX10020281,,f6f8f2966fc4546fa58f_20261004T143602632571Z,9,9,9,True,excluded_from_scope,门禁和临时封路不纳入本轮；结果为导航步行模型，公众通行未实地验证
八一广场,住宅,八一广场_B0FFGA98LS,莎莎小区,B0FFGA98LS,B0FFGA98LS,115.902474,28.675477,api_entrance_coordinate_unverified,unknown,category_quota_distance_band_sha256,GCJ-02,resident,legacy_pilot_api_entrance,,,莎莎小区入口坐标,https://ditu.amap.com/place/B0FFGA98LS,primary_1000m,1000,41.85,3.5,15,model_covered,63.0,1.08,50.0,八一广场地铁站5号口,BX10020281,,f6f8f2966fc4546fa58f_20261004T143602632571Z,9,9,9,True,excluded_from_scope,门禁和临时封路不纳入本轮；结果为导航步行模型，公众通行未实地验证
八一广场,住宅,八一广场_B031705CL1,江西省工会住宅小区,B031705CL1,B031705CL1,115.904632,28.680809,api_entrance_coordinate_unverified,unknown,category_quota_distance_band_sha256,GCJ-02,resident,legacy_pilot_api_entrance,,,江西省工会住宅小区入口坐标,https://ditu.amap.com/place/B031705CL1,primary_1000m,1000,658.92,4.5,10,model_covered,528.0,7.04,422.0,八一广场地铁站9号口,BX10034707,1.3217941856766946,0c7d157b5d6660a2046f_20261004T143627860792Z,9,9,9,True,excluded_from_scope,门禁和临时封路不纳入本轮；结果为导航步行模型，公众通行未实地验证
八一广场,住宅,八一广场_B031705CL1,江西省工会住宅小区,B031705CL1,B031705CL1,115.904632,28.680809,api_entrance_coordinate_unverified,unknown,category_quota_distance_band_sha256,GCJ-02,resident,legacy_pilot_api_entrance,,,江西省工会住宅小区入口坐标,https://ditu.amap.com/place/B031705CL1,primary_1000m,1000,658.92,4.5,15,model_covered,528.0,7.04,422.0,八一广场地铁站9号口,BX10034707,1.3217941856766946,0c7d157b5d6660a2046f_20261004T143627860792Z,9,9,9,True,excluded_from_scope,门禁和临时封路不纳入本轮；结果为导航步行模型，公众通行未实地验证
八一广场,住宅,八一广场_B031705CL1,江西省工会住宅小区,B031705CL1,B031705CL1,115.904632,28.680809,api_entrance_coordinate_unverified,unknown,category_quota_distance_band_sha256,GCJ-02,resident,legacy_pilot_api_entrance,,,江西省工会住宅小区入口坐标,https://ditu.amap.com/place/B031705CL1,primary_1000m,1000,658.92,3.5,10,model_covered,528.0,9.051429,422.0,八一广场地铁站9号口,BX10034707,1.3217941856766946,0c7d157b5d6660a2046f_20261004T143627860792Z,9,9,9,True,excluded_from_scope,门禁和临时封路不纳入本轮；结果为导航步行模型，公众通行未实地验证
八一广场,住宅,八一广场_B031705CL1,江西省工会住宅小区,B031705CL1,B031705CL1,115.904632,28.680809,api_entrance_coordinate_unverified,unknown,category_quota_distance_band_sha256,GCJ-02,resident,legacy_pilot_api_entrance,,,江西省工会住宅小区入口坐标,https://ditu.amap.com/place/B031705CL1,primary_1000m,1000,658.92,3.5,15,model_covered,528.0,9.051429,422.0,八一广场地铁站9号口,BX10034707,1.3217941856766946,0c7d157b5d6660a2046f_20261004T143627860792Z,9,9,9,True,excluded_from_scope,门禁和临时封路不纳入本轮；结果为导航步行模型，公众通行未实地验证
八一广场,住宅,八一广场_B0L1YGDSF8,云语轩小区,B0L1YGDSF8,B0L1YGDSF8,115.910902,28.675313,api_entrance_coordinate_unverified,unknown,category_quota_distance_band_sha256,GCJ-02,resident,legacy_pilot_api_entrance,,,云语轩小区入口坐标,https://ditu.amap.com/place/B0L1YGDSF8,primary_1000m,1000,803.81,4.5,10,model_not_covered,989.0,13.186667,791.0,八一广场地铁站8号口,BX10034706,1.3375171271298045,11e98fab80bb71aa9fd2_20261004T143640455815Z,9,9,9,True,excluded_from_scope,门禁和临时封路不纳入本轮；结果为导航步行模型，公众通行未实地验证
八一广场,住宅,八一广场_B0L1YGDSF8,云语轩小区,B0L1YGDSF8,B0L1YGDSF8,115.910902,28.675313,api_entrance_coordinate_unverified,unknown,category_quota_distance_band_sha256,GCJ-02,resident,legacy_pilot_api_entrance,,,云语轩小区入口坐标,https://ditu.amap.com/place/B0L1YGDSF8,primary_1000m,1000,803.81,4.5,15,model_covered,989.0,13.186667,791.0,八一广场地铁站8号口,BX10034706,1.3375171271298045,11e98fab80bb71aa9fd2_20261004T143640455815Z,9,9,9,True,excluded_from_scope,门禁和临时封路不纳入本轮；结果为导航步行模型，公众通行未实地验证
八一广场,住宅,八一广场_B0L1YGDSF8,云语轩小区,B0L1YGDSF8,B0L1YGDSF8,115.910902,28.675313,api_entrance_coordinate_unverified,unknown,category_quota_distance_band_sha256,GCJ-02,resident,legacy_pilot_api_entrance,,,云语轩小区入口坐标,https://ditu.amap.com/place/B0L1YGDSF8,primary_1000m,1000,803.81,3.5,10,model_not_covered,989.0,16.954286,791.0,八一广场地铁站8号口,BX10034706,1.3375171271298045,11e98fab80bb71aa9fd2_20261004T143640455815Z,9,9,9,True,excluded_from_scope,门禁和临时封路不纳入本轮；结果为导航步行模型，公众通行未实地验证
八一广场,住宅,八一广场_B0L1YGDSF8,云语轩小区,B0L1YGDSF8,B0L1YGDSF8,115.910902,28.675313,api_entrance_coordinate_unverified,unknown,category_quota_distance_band_sha256,GCJ-02,resident,legacy_pilot_api_entrance,,,云语轩小区入口坐标,https://ditu.amap.com/place/B0L1YGDSF8,primary_1000m,1000,803.81,3.5,15,model_not_covered,989.0,16.954286,791.0,八一广场地铁站8号口,BX10034706,1.3375171271298045,11e98fab80bb71aa9fd2_20261004T143640455815Z,9,9,9,True,excluded_from_scope,门禁和临时封路不纳入本轮；结果为导航步行模型，公众通行未实地验证
八一广场,住宅,八一广场_B0FFF4G071,苏圃路1号住宅小区,B0FFF4G071,B0FFF4G071,115.900477,28.677891,api_entrance_coordinate_unverified,unknown,category_quota_distance_band_sha256,GCJ-02,resident,legacy_pilot_api_entrance,,,苏圃路1号住宅小区入口坐标,https://ditu.amap.com/place/B0FFF4G071,primary_1000m,1000,373.01,4.5,10,model_covered,405.0,5.4,324.0,八一广场地铁站5号口,BX10020281,1.2390048740221613,142999bd3528edc4a59e_20261004T143645187407Z,9,9,9,True,excluded_from_scope,门禁和临时封路不纳入本轮；结果为导航步行模型，公众通行未实地验证
八一广场,住宅,八一广场_B0FFF4G071,苏圃路1号住宅小区,B0FFF4G071,B0FFF4G071,115.900477,28.677891,api_entrance_coordinate_unverified,unknown,category_quota_distance_band_sha256,GCJ-02,resident,legacy_pilot_api_entrance,,,苏圃路1号住宅小区入口坐标,https://ditu.amap.com/place/B0FFF4G071,primary_1000m,1000,373.01,4.5,15,model_covered,405.0,5.4,324.0,八一广场地铁站5号口,BX10020281,1.2390048740221613,142999bd3528edc4a59e_20261004T143645187407Z,9,9,9,True,excluded_from_scope,门禁和临时封路不纳入本轮；结果为导航步行模型，公众通行未实地验证
八一广场,住宅,八一广场_B0FFF4G071,苏圃路1号住宅小区,B0FFF4G071,B0FFF4G071,115.900477,28.677891,api_entrance_coordinate_unverified,unknown,category_quota_distance_band_sha256,GCJ-02,resident,legacy_pilot_api_entrance,,,苏圃路1号住宅小区入口坐标,https://ditu.amap.com/place/B0FFF4G071,primary_1000m,1000,373.01,3.5,10,model_covered,405.0,6.942857,324.0,八一广场地铁站5号口,BX10020281,1.2390048740221613,142999bd3528edc4a59e_20261004T143645187407Z,9,9,9,True,excluded_from_scope,门禁和临时封路不纳入本轮；结果为导航步行模型，公众通行未实地验证
八一广场,住宅,八一广场_B0FFF4G071,苏圃路1号住宅小区,B0FFF4G071,B0FFF4G071,115.900477,28.677891,api_entrance_coordinate_unverified,unknown,category_quota_distance_band_sha256,GCJ-02,resident,legacy_pilot_api_entrance,,,苏圃路1号住宅小区入口坐标,https://ditu.amap.com/place/B0FFF4G071,primary_1000m,1000,373.01,3.5,15,model_covered,405.0,6.942857,324.0,八一广场地铁站5号口,BX10020281,1.2390048740221613,142999bd3528edc4a59e_20261004T143645187407Z,9,9,9,True,excluded_from_scope,门禁和临时封路不纳入本轮；结果为导航步行模型，公众通行未实地验证
八一广场,写字楼,八一广场_B0MBSXF297,百银次元中心,B0MBSXF297,B0MBSXF297,115.903307,28.675991,api_entrance_coordinate_unverified,unknown,category_quota_distance_band_sha256,GCJ-02,other,legacy_pilot_api_entrance,,,百银次元中心入口坐标,https://ditu.amap.com/place/B0MBSXF297,primary_1000m,1000,113.48,4.5,10,model_covered,196.0,2.613333,157.0,八一广场地铁站5号口,BX10020281,1.433088402137466,531302ee217b23ea2b91_20261004T143659285846Z,9,9,9,True,excluded_from_scope,门禁和临时封路不纳入本轮；结果为导航步行模型，公众通行未实地验证
八一广场,写字楼,八一广场_B0MBSXF297,百银次元中心,B0MBSXF297,B0MBSXF297,115.903307,28.675991,api_entrance_coordinate_unverified,unknown,category_quota_distance_band_sha256,GCJ-02,other,legacy_pilot_api_entrance,,,百银次元中心入口坐标,https://ditu.amap.com/place/B0MBSXF297,primary_1000m,1000,113.48,4.5,15,model_covered,196.0,2.613333,157.0,八一广场地铁站5号口,BX10020281,1.433088402137466,531302ee217b23ea2b91_20261004T143659285846Z,9,9,9,True,excluded_from_scope,门禁和临时封路不纳入本轮；结果为导航步行模型，公众通行未实地验证
八一广场,写字楼,八一广场_B0MBSXF297,百银次元中心,B0MBSXF297,B0MBSXF297,115.903307,28.675991,api_entrance_coordinate_unverified,unknown,category_quota_distance_band_sha256,GCJ-02,other,legacy_pilot_api_entrance,,,百银次元中心入口坐标,https://ditu.amap.com/place/B0MBSXF297,primary_1000m,1000,113.48,3.5,10,model_covered,196.0,3.36,157.0,八一广场地铁站5号口,BX10020281,1.433088402137466,531302ee217b23ea2b91_20261004T143659285846Z,9,9,9,True,excluded_from_scope,门禁和临时封路不纳入本轮；结果为导航步行模型，公众通行未实地验证
八一广场,写字楼,八一广场_B0MBSXF297,百银次元中心,B0MBSXF297,B0MBSXF297,115.903307,28.675991,api_entrance_coordinate_unverified,unknown,category_quota_distance_band_sha256,GCJ-02,other,legacy_pilot_api_entrance,,,百银次元中心入口坐标,https://ditu.amap.com/place/B0MBSXF297,primary_1000m,1000,113.48,3.5,15,model_covered,196.0,3.36,157.0,八一广场地铁站5号口,BX10020281,1.433088402137466,531302ee217b23ea2b91_20261004T143659285846Z,9,9,9,True,excluded_from_scope,门禁和临时封路不纳入本轮；结果为导航步行模型，公众通行未实地验证
八一广场,写字楼,八一广场_B0FFFY11GU,天御国际,B0FFFY11GU,B0FFFY11GU,115.899528,28.679499,api_entrance_coordinate_unverified,unknown,category_quota_distance_band_sha256,GCJ-02,other,legacy_pilot_api_entrance,,,天御国际入口坐标,https://ditu.amap.com/place/B0FFFY11GU,primary_1000m,1000,573.23,4.5,10,model_not_covered,777.0,10.36,622.0,八一广场地铁站5号口,BX10020281,1.471196082625199,1ca90760e62f31026d67_20261004T143713618330Z,9,9,9,True,excluded_from_scope,门禁和临时封路不纳入本轮；结果为导航步行模型，公众通行未实地验证
八一广场,写字楼,八一广场_B0FFFY11GU,天御国际,B0FFFY11GU,B0FFFY11GU,115.899528,28.679499,api_entrance_coordinate_unverified,unknown,category_quota_distance_band_sha256,GCJ-02,other,legacy_pilot_api_entrance,,,天御国际入口坐标,https://ditu.amap.com/place/B0FFFY11GU,primary_1000m,1000,573.23,4.5,15,model_covered,777.0,10.36,622.0,八一广场地铁站5号口,BX10020281,1.471196082625199,1ca90760e62f31026d67_20261004T143713618330Z,9,9,9,True,excluded_from_scope,门禁和临时封路不纳入本轮；结果为导航步行模型，公众通行未实地验证
八一广场,写字楼,八一广场_B0FFFY11GU,天御国际,B0FFFY11GU,B0FFFY11GU,115.899528,28.679499,api_entrance_coordinate_unverified,unknown,category_quota_distance_band_sha256,GCJ-02,other,legacy_pilot_api_entrance,,,天御国际入口坐标,https://ditu.amap.com/place/B0FFFY11GU,primary_1000m,1000,573.23,3.5,10,model_not_covered,777.0,13.32,622.0,八一广场地铁站5号口,BX10020281,1.471196082625199,1ca90760e62f31026d67_20261004T143713618330Z,9,9,9,True,excluded_from_scope,门禁和临时封路不纳入本轮；结果为导航步行模型，公众通行未实地验证
八一广场,写字楼,八一广场_B0FFFY11GU,天御国际,B0FFFY11GU,B0FFFY11GU,115.899528,28.679499,api_entrance_coordinate_unverified,unknown,category_quota_distance_band_sha256,GCJ-02,other,legacy_pilot_api_entrance,,,天御国际入口坐标,https://ditu.amap.com/place/B0FFFY11GU,primary_1000m,1000,573.23,3.5,15,model_covered,777.0,13.32,622.0,八一广场地铁站5号口,BX10020281,1.471196082625199,1ca90760e62f31026d67_20261004T143713618330Z,9,9,9,True,excluded_from_scope,门禁和临时封路不纳入本轮；结果为导航步行模型，公众通行未实地验证
八一广场,写字楼,八一广场_B031704E2D,江西纺织大厦A座,B031704E2D,B031704E2D,115.895817,28.67596,api_entrance_coordinate_unverified,unknown,category_quota_distance_band_sha256,GCJ-02,other,legacy_pilot_api_entrance,,,江西纺织大厦A座入口坐标,https://ditu.amap.com/place/B031704E2D,primary_1000m,1000,674.26,4.5,10,model_covered,684.0,9.12,547.0,八一广场地铁站5号口,BX10020281,1.1045537117515836,67cf5214b99c9c4defa9_20261004T143728592008Z,9,9,9,True,excluded_from_scope,门禁和临时封路不纳入本轮；结果为导航步行模型，公众通行未实地验证
八一广场,写字楼,八一广场_B031704E2D,江西纺织大厦A座,B031704E2D,B031704E2D,115.895817,28.67596,api_entrance_coordinate_unverified,unknown,category_quota_distance_band_sha256,GCJ-02,other,legacy_pilot_api_entrance,,,江西纺织大厦A座入口坐标,https://ditu.amap.com/place/B031704E2D,primary_1000m,1000,674.26,4.5,15,model_covered,684.0,9.12,547.0,八一广场地铁站5号口,BX10020281,1.1045537117515836,67cf5214b99c9c4defa9_20261004T143728592008Z,9,9,9,True,excluded_from_scope,门禁和临时封路不纳入本轮；结果为导航步行模型，公众通行未实地验证
八一广场,写字楼,八一广场_B031704E2D,江西纺织大厦A座,B031704E2D,B031704E2D,115.895817,28.67596,api_entrance_coordinate_unverified,unknown,category_quota_distance_band_sha256,GCJ-02,other,legacy_pilot_api_entrance,,,江西纺织大厦A座入口坐标,https://ditu.amap.com/place/B031704E2D,primary_1000m,1000,674.26,3.5,10,model_not_covered,684.0,11.725714,547.0,八一广场地铁站5号口,BX10020281,1.1045537117515836,67cf5214b99c9c4defa9_20261004T143728592008Z,9,9,9,True,excluded_from_scope,门禁和临时封路不纳入本轮；结果为导航步行模型，公众通行未实地验证
八一广场,写字楼,八一广场_B031704E2D,江西纺织大厦A座,B031704E2D,B031704E2D,115.895817,28.67596,api_entrance_coordinate_unverified,unknown,category_quota_distance_band_sha256,GCJ-02,other,legacy_pilot_api_entrance,,,江西纺织大厦A座入口坐标,https://ditu.amap.com/place/B031704E2D,primary_1000m,1000,674.26,3.5,15,model_covered,684.0,11.725714,547.0,八一广场地铁站5号口,BX10020281,1.1045537117515836,67cf5214b99c9c4defa9_20261004T143728592008Z,9,9,9,True,excluded_from_scope,门禁和临时封路不纳入本轮；结果为导航步行模型，公众通行未实地验证
八一广场,学校,八一广场_B03170ROTX,南昌市羊子巷小学,B03170ROTX,B03170ROTX,115.901131,28.674374,api_entrance_coordinate_unverified,unknown,category_quota_distance_band_sha256,GCJ-02,other,legacy_pilot_api_entrance,,,南昌市羊子巷小学入口坐标,https://ditu.amap.com/place/B03170ROTX,primary_1000m,1000,172.19,4.5,10,model_covered,215.0,2.866667,172.0,八一广场地铁站5号口,BX10020281,1.4940425238548196,73f74b4121473da85e23_20261004T143742784975Z,9,9,9,True,excluded_from_scope,门禁和临时封路不纳入本轮；结果为导航步行模型，公众通行未实地验证
八一广场,学校,八一广场_B03170ROTX,南昌市羊子巷小学,B03170ROTX,B03170ROTX,115.901131,28.674374,api_entrance_coordinate_unverified,unknown,category_quota_distance_band_sha256,GCJ-02,other,legacy_pilot_api_entrance,,,南昌市羊子巷小学入口坐标,https://ditu.amap.com/place/B03170ROTX,primary_1000m,1000,172.19,4.5,15,model_covered,215.0,2.866667,172.0,八一广场地铁站5号口,BX10020281,1.4940425238548196,73f74b4121473da85e23_20261004T143742784975Z,9,9,9,True,excluded_from_scope,门禁和临时封路不纳入本轮；结果为导航步行模型，公众通行未实地验证
八一广场,学校,八一广场_B03170ROTX,南昌市羊子巷小学,B03170ROTX,B03170ROTX,115.901131,28.674374,api_entrance_coordinate_unverified,unknown,category_quota_distance_band_sha256,GCJ-02,other,legacy_pilot_api_entrance,,,南昌市羊子巷小学入口坐标,https://ditu.amap.com/place/B03170ROTX,primary_1000m,1000,172.19,3.5,10,model_covered,215.0,3.685714,172.0,八一广场地铁站5号口,BX10020281,1.4940425238548196,73f74b4121473da85e23_20261004T143742784975Z,9,9,9,True,excluded_from_scope,门禁和临时封路不纳入本轮；结果为导航步行模型，公众通行未实地验证
八一广场,学校,八一广场_B03170ROTX,南昌市羊子巷小学,B03170ROTX,B03170ROTX,115.901131,28.674374,api_entrance_coordinate_unverified,unknown,category_quota_distance_band_sha256,GCJ-02,other,legacy_pilot_api_entrance,,,南昌市羊子巷小学入口坐标,https://ditu.amap.com/place/B03170ROTX,primary_1000m,1000,172.19,3.5,15,model_covered,215.0,3.685714,172.0,八一广场地铁站5号口,BX10020281,1.4940425238548196,73f74b4121473da85e23_20261004T143742784975Z,9,9,9,True,excluded_from_scope,门禁和临时封路不纳入本轮；结果为导航步行模型，公众通行未实地验证
八一广场,学校,八一广场_B031704FI3,南昌市卫生学校,B031704FI3,B031704FI3,115.899528,28.67832,api_entrance_coordinate_unverified,unknown,category_quota_distance_band_sha256,GCJ-02,other,legacy_pilot_api_entrance,,,南昌市卫生学校入口坐标,https://ditu.amap.com/place/B031704FI3,primary_1000m,1000,467.64,4.5,10,model_covered,532.0,7.093333,426.0,八一广场地铁站5号口,BX10020281,1.273169096808921,06e037580916b31e1148_20261004T143756936643Z,9,9,9,True,excluded_from_scope,门禁和临时封路不纳入本轮；结果为导航步行模型，公众通行未实地验证
八一广场,学校,八一广场_B031704FI3,南昌市卫生学校,B031704FI3,B031704FI3,115.899528,28.67832,api_entrance_coordinate_unverified,unknown,category_quota_distance_band_sha256,GCJ-02,other,legacy_pilot_api_entrance,,,南昌市卫生学校入口坐标,https://ditu.amap.com/place/B031704FI3,primary_1000m,1000,467.64,4.5,15,model_covered,532.0,7.093333,426.0,八一广场地铁站5号口,BX10020281,1.273169096808921,06e037580916b31e1148_20261004T143756936643Z,9,9,9,True,excluded_from_scope,门禁和临时封路不纳入本轮；结果为导航步行模型，公众通行未实地验证
八一广场,学校,八一广场_B031704FI3,南昌市卫生学校,B031704FI3,B031704FI3,115.899528,28.67832,api_entrance_coordinate_unverified,unknown,category_quota_distance_band_sha256,GCJ-02,other,legacy_pilot_api_entrance,,,南昌市卫生学校入口坐标,https://ditu.amap.com/place/B031704FI3,primary_1000m,1000,467.64,3.5,10,model_covered,532.0,9.12,426.0,八一广场地铁站5号口,BX10020281,1.273169096808921,06e037580916b31e1148_20261004T143756936643Z,9,9,9,True,excluded_from_scope,门禁和临时封路不纳入本轮；结果为导航步行模型，公众通行未实地验证
八一广场,学校,八一广场_B031704FI3,南昌市卫生学校,B031704FI3,B031704FI3,115.899528,28.67832,api_entrance_coordinate_unverified,unknown,category_quota_distance_band_sha256,GCJ-02,other,legacy_pilot_api_entrance,,,南昌市卫生学校入口坐标,https://ditu.amap.com/place/B031704FI3,primary_1000m,1000,467.64,3.5,15,model_covered,532.0,9.12,426.0,八一广场地铁站5号口,BX10020281,1.273169096808921,06e037580916b31e1148_20261004T143756936643Z,9,9,9,True,excluded_from_scope,门禁和临时封路不纳入本轮；结果为导航步行模型，公众通行未实地验证
八一广场,医院,八一广场_B0FFFKE5ZQ,江西省妇幼保健院八一大道院区住院部,B0FFFKE5ZQ,B0FFFKE5ZQ,115.902495,28.678216,api_entrance_coordinate_unverified,unknown,category_quota_distance_band_sha256,GCJ-02,other,legacy_pilot_api_entrance,,,江西省妇幼保健院八一大道院区住院部入口坐标,https://ditu.amap.com/place/B0FFFKE5ZQ,primary_1000m,1000,342.44,4.5,10,model_covered,516.0,6.88,413.0,八一广场地铁站5号口,BX10020281,1.5983493093659011,4a4f2028dec79095b026_20261004T143811110549Z,9,9,9,True,excluded_from_scope,门禁和临时封路不纳入本轮；结果为导航步行模型，公众通行未实地验证
八一广场,医院,八一广场_B0FFFKE5ZQ,江西省妇幼保健院八一大道院区住院部,B0FFFKE5ZQ,B0FFFKE5ZQ,115.902495,28.678216,api_entrance_coordinate_unverified,unknown,category_quota_distance_band_sha256,GCJ-02,other,legacy_pilot_api_entrance,,,江西省妇幼保健院八一大道院区住院部入口坐标,https://ditu.amap.com/place/B0FFFKE5ZQ,primary_1000m,1000,342.44,4.5,15,model_covered,516.0,6.88,413.0,八一广场地铁站5号口,BX10020281,1.5983493093659011,4a4f2028dec79095b026_20261004T143811110549Z,9,9,9,True,excluded_from_scope,门禁和临时封路不纳入本轮；结果为导航步行模型，公众通行未实地验证
八一广场,医院,八一广场_B0FFFKE5ZQ,江西省妇幼保健院八一大道院区住院部,B0FFFKE5ZQ,B0FFFKE5ZQ,115.902495,28.678216,api_entrance_coordinate_unverified,unknown,category_quota_distance_band_sha256,GCJ-02,other,legacy_pilot_api_entrance,,,江西省妇幼保健院八一大道院区住院部入口坐标,https://ditu.amap.com/place/B0FFFKE5ZQ,primary_1000m,1000,342.44,3.5,10,model_covered,516.0,8.845714,413.0,八一广场地铁站5号口,BX10020281,1.5983493093659011,4a4f2028dec79095b026_20261004T143811110549Z,9,9,9,True,excluded_from_scope,门禁和临时封路不纳入本轮；结果为导航步行模型，公众通行未实地验证
八一广场,医院,八一广场_B0FFFKE5ZQ,江西省妇幼保健院八一大道院区住院部,B0FFFKE5ZQ,B0FFFKE5ZQ,115.902495,28.678216,api_entrance_coordinate_unverified,unknown,category_quota_distance_band_sha256,GCJ-02,other,legacy_pilot_api_entrance,,,江西省妇幼保健院八一大道院区住院部入口坐标,https://ditu.amap.com/place/B0FFFKE5ZQ,primary_1000m,1000,342.44,3.5,15,model_covered,516.0,8.845714,413.0,八一广场地铁站5号口,BX10020281,1.5983493093659011,4a4f2028dec79095b026_20261004T143811110549Z,9,9,9,True,excluded_from_scope,门禁和临时封路不纳入本轮；结果为导航步行模型，公众通行未实地验证
地铁大厦,住宅,地铁大厦_B03170351S,江信国际花园,B03170351S,B03170351S,115.85406,28.683173,api_entrance_coordinate_unverified,unknown,category_quota_distance_band_sha256,GCJ-02,resident,legacy_pilot_api_entrance,,,江信国际花园入口坐标,https://ditu.amap.com/place/B03170351S,primary_1000m,1000,191.7,4.5,10,model_covered,145.0,1.933333,116.0,地铁大厦地铁站2号口,BX09909225,1.532756218984333,1460eaf5f51e063a013a_20261004T143825315444Z,4,4,4,True,excluded_from_scope,门禁和临时封路不纳入本轮；结果为导航步行模型，公众通行未实地验证
地铁大厦,住宅,地铁大厦_B03170351S,江信国际花园,B03170351S,B03170351S,115.85406,28.683173,api_entrance_coordinate_unverified,unknown,category_quota_distance_band_sha256,GCJ-02,resident,legacy_pilot_api_entrance,,,江信国际花园入口坐标,https://ditu.amap.com/place/B03170351S,primary_1000m,1000,191.7,4.5,15,model_covered,145.0,1.933333,116.0,地铁大厦地铁站2号口,BX09909225,1.532756218984333,1460eaf5f51e063a013a_20261004T143825315444Z,4,4,4,True,excluded_from_scope,门禁和临时封路不纳入本轮；结果为导航步行模型，公众通行未实地验证
地铁大厦,住宅,地铁大厦_B03170351S,江信国际花园,B03170351S,B03170351S,115.85406,28.683173,api_entrance_coordinate_unverified,unknown,category_quota_distance_band_sha256,GCJ-02,resident,legacy_pilot_api_entrance,,,江信国际花园入口坐标,https://ditu.amap.com/place/B03170351S,primary_1000m,1000,191.7,3.5,10,model_covered,145.0,2.485714,116.0,地铁大厦地铁站2号口,BX09909225,1.532756218984333,1460eaf5f51e063a013a_20261004T143825315444Z,4,4,4,True,excluded_from_scope,门禁和临时封路不纳入本轮；结果为导航步行模型，公众通行未实地验证
地铁大厦,住宅,地铁大厦_B03170351S,江信国际花园,B03170351S,B03170351S,115.85406,28.683173,api_entrance_coordinate_unverified,unknown,category_quota_distance_band_sha256,GCJ-02,resident,legacy_pilot_api_entrance,,,江信国际花园入口坐标,https://ditu.amap.com/place/B03170351S,primary_1000m,1000,191.7,3.5,15,model_covered,145.0,2.485714,116.0,地铁大厦地铁站2号口,BX09909225,1.532756218984333,1460eaf5f51e063a013a_20261004T143825315444Z,4,4,4,True,excluded_from_scope,门禁和临时封路不纳入本轮；结果为导航步行模型，公众通行未实地验证
地铁大厦,住宅,地铁大厦_B031704THU,滨江豪园,B031704THU,B031704THU,115.854938,28.681035,api_entrance_coordinate_unverified,unknown,category_quota_distance_band_sha256,GCJ-02,resident,legacy_pilot_api_entrance,,,滨江豪园入口坐标,https://ditu.amap.com/place/B031704THU,primary_1000m,1000,419.9,4.5,10,model_covered,465.0,6.2,372.0,地铁大厦地铁站2号口,BX09909225,1.3455178994909327,d7c9d1403a91331e75a4_20261004T143831643904Z,4,4,4,True,excluded_from_scope,门禁和临时封路不纳入本轮；结果为导航步行模型，公众通行未实地验证
地铁大厦,住宅,地铁大厦_B031704THU,滨江豪园,B031704THU,B031704THU,115.854938,28.681035,api_entrance_coordinate_unverified,unknown,category_quota_distance_band_sha256,GCJ-02,resident,legacy_pilot_api_entrance,,,滨江豪园入口坐标,https://ditu.amap.com/place/B031704THU,primary_1000m,1000,419.9,4.5,15,model_covered,465.0,6.2,372.0,地铁大厦地铁站2号口,BX09909225,1.3455178994909327,d7c9d1403a91331e75a4_20261004T143831643904Z,4,4,4,True,excluded_from_scope,门禁和临时封路不纳入本轮；结果为导航步行模型，公众通行未实地验证
地铁大厦,住宅,地铁大厦_B031704THU,滨江豪园,B031704THU,B031704THU,115.854938,28.681035,api_entrance_coordinate_unverified,unknown,category_quota_distance_band_sha256,GCJ-02,resident,legacy_pilot_api_entrance,,,滨江豪园入口坐标,https://ditu.amap.com/place/B031704THU,primary_1000m,1000,419.9,3.5,10,model_covered,465.0,7.971429,372.0,地铁大厦地铁站2号口,BX09909225,1.3455178994909327,d7c9d1403a91331e75a4_20261004T143831643904Z,4,4,4,True,excluded_from_scope,门禁和临时封路不纳入本轮；结果为导航步行模型，公众通行未实地验证
地铁大厦,住宅,地铁大厦_B031704THU,滨江豪园,B031704THU,B031704THU,115.854938,28.681035,api_entrance_coordinate_unverified,unknown,category_quota_distance_band_sha256,GCJ-02,resident,legacy_pilot_api_entrance,,,滨江豪园入口坐标,https://ditu.amap.com/place/B031704THU,primary_1000m,1000,419.9,3.5,15,model_covered,465.0,7.971429,372.0,地铁大厦地铁站2号口,BX09909225,1.3455178994909327,d7c9d1403a91331e75a4_20261004T143831643904Z,4,4,4,True,excluded_from_scope,门禁和临时封路不纳入本轮；结果为导航步行模型，公众通行未实地验证
地铁大厦,住宅,地铁大厦_B0L2GKS5QQ,普瑞花园2区,B0L2GKS5QQ,B0L2GKS5QQ,115.853942,28.676644,api_entrance_coordinate_unverified,unknown,category_quota_distance_band_sha256,GCJ-02,resident,legacy_pilot_api_entrance,,,普瑞花园2区入口坐标,https://ditu.amap.com/place/B0L2GKS5QQ,primary_1000m,1000,840.23,4.5,10,model_not_covered,985.0,13.133333,788.0,地铁大厦地铁站2号口,BX09909225,1.221049859510836,a77fcb8222f7fd3d16f2_20261004T143837793396Z,4,4,4,True,excluded_from_scope,门禁和临时封路不纳入本轮；结果为导航步行模型，公众通行未实地验证
地铁大厦,住宅,地铁大厦_B0L2GKS5QQ,普瑞花园2区,B0L2GKS5QQ,B0L2GKS5QQ,115.853942,28.676644,api_entrance_coordinate_unverified,unknown,category_quota_distance_band_sha256,GCJ-02,resident,legacy_pilot_api_entrance,,,普瑞花园2区入口坐标,https://ditu.amap.com/place/B0L2GKS5QQ,primary_1000m,1000,840.23,4.5,15,model_covered,985.0,13.133333,788.0,地铁大厦地铁站2号口,BX09909225,1.221049859510836,a77fcb8222f7fd3d16f2_20261004T143837793396Z,4,4,4,True,excluded_from_scope,门禁和临时封路不纳入本轮；结果为导航步行模型，公众通行未实地验证
地铁大厦,住宅,地铁大厦_B0L2GKS5QQ,普瑞花园2区,B0L2GKS5QQ,B0L2GKS5QQ,115.853942,28.676644,api_entrance_coordinate_unverified,unknown,category_quota_distance_band_sha256,GCJ-02,resident,legacy_pilot_api_entrance,,,普瑞花园2区入口坐标,https://ditu.amap.com/place/B0L2GKS5QQ,primary_1000m,1000,840.23,3.5,10,model_not_covered,985.0,16.885714,788.0,地铁大厦地铁站2号口,BX09909225,1.221049859510836,a77fcb8222f7fd3d16f2_20261004T143837793396Z,4,4,4,True,excluded_from_scope,门禁和临时封路不纳入本轮；结果为导航步行模型，公众通行未实地验证
地铁大厦,住宅,地铁大厦_B0L2GKS5QQ,普瑞花园2区,B0L2GKS5QQ,B0L2GKS5QQ,115.853942,28.676644,api_entrance_coordinate_unverified,unknown,category_quota_distance_band_sha256,GCJ-02,resident,legacy_pilot_api_entrance,,,普瑞花园2区入口坐标,https://ditu.amap.com/place/B0L2GKS5QQ,primary_1000m,1000,840.23,3.5,15,model_not_covered,985.0,16.885714,788.0,地铁大厦地铁站2号口,BX09909225,1.221049859510836,a77fcb8222f7fd3d16f2_20261004T143837793396Z,4,4,4,True,excluded_from_scope,门禁和临时封路不纳入本轮；结果为导航步行模型，公众通行未实地验证
地铁大厦,住宅,地铁大厦_B0FFH3XEAU,世纪中央城2期,B0FFH3XEAU,B0FFH3XEAU,115.849299,28.683875,api_entrance_coordinate_unverified,unknown,category_quota_distance_band_sha256,GCJ-02,resident,legacy_pilot_api_entrance,,,世纪中央城2期入口坐标,https://ditu.amap.com/place/B0FFH3XEAU,primary_1000m,1000,301.96,4.5,10,model_covered,350.0,4.666667,280.0,地铁大厦地铁站4号口,BX09909223,1.791484708361424,fec680512a00efc62c60_20261004T143845738086Z,4,4,4,True,excluded_from_scope,门禁和临时封路不纳入本轮；结果为导航步行模型，公众通行未实地验证
地铁大厦,住宅,地铁大厦_B0FFH3XEAU,世纪中央城2期,B0FFH3XEAU,B0FFH3XEAU,115.849299,28.683875,api_entrance_coordinate_unverified,unknown,category_quota_distance_band_sha256,GCJ-02,resident,legacy_pilot_api_entrance,,,世纪中央城2期入口坐标,https://ditu.amap.com/place/B0FFH3XEAU,primary_1000m,1000,301.96,4.5,15,model_covered,350.0,4.666667,280.0,地铁大厦地铁站4号口,BX09909223,1.791484708361424,fec680512a00efc62c60_20261004T143845738086Z,4,4,4,True,excluded_from_scope,门禁和临时封路不纳入本轮；结果为导航步行模型，公众通行未实地验证
地铁大厦,住宅,地铁大厦_B0FFH3XEAU,世纪中央城2期,B0FFH3XEAU,B0FFH3XEAU,115.849299,28.683875,api_entrance_coordinate_unverified,unknown,category_quota_distance_band_sha256,GCJ-02,resident,legacy_pilot_api_entrance,,,世纪中央城2期入口坐标,https://ditu.amap.com/place/B0FFH3XEAU,primary_1000m,1000,301.96,3.5,10,model_covered,350.0,6.0,280.0,地铁大厦地铁站4号口,BX09909223,1.791484708361424,fec680512a00efc62c60_20261004T143845738086Z,4,4,4,True,excluded_from_scope,门禁和临时封路不纳入本轮；结果为导航步行模型，公众通行未实地验证
地铁大厦,住宅,地铁大厦_B0FFH3XEAU,世纪中央城2期,B0FFH3XEAU,B0FFH3XEAU,115.849299,28.683875,api_entrance_coordinate_unverified,unknown,category_quota_distance_band_sha256,GCJ-02,resident,legacy_pilot_api_entrance,,,世纪中央城2期入口坐标,https://ditu.amap.com/place/B0FFH3XEAU,primary_1000m,1000,301.96,3.5,15,model_covered,350.0,6.0,280.0,地铁大厦地铁站4号口,BX09909223,1.791484708361424,fec680512a00efc62c60_20261004T143845738086Z,4,4,4,True,excluded_from_scope,门禁和临时封路不纳入本轮；结果为导航步行模型，公众通行未实地验证
地铁大厦,写字楼,地铁大厦_B0HRYDH7DG,中信银行大厦,B0HRYDH7DG,B0HRYDH7DG,115.854431,28.683733,api_entrance_coordinate_unverified,unknown,category_quota_distance_band_sha256,GCJ-02,other,legacy_pilot_api_entrance,,,中信银行大厦入口坐标,https://ditu.amap.com/place/B0HRYDH7DG,primary_1000m,1000,203.1,4.5,10,model_covered,143.0,1.906667,114.0,地铁大厦地铁站2号口,BX09909225,1.6095680189556378,491d7f9a57586dc776e1_20261004T143850431298Z,4,4,4,True,excluded_from_scope,门禁和临时封路不纳入本轮；结果为导航步行模型，公众通行未实地验证
地铁大厦,写字楼,地铁大厦_B0HRYDH7DG,中信银行大厦,B0HRYDH7DG,B0HRYDH7DG,115.854431,28.683733,api_entrance_coordinate_unverified,unknown,category_quota_distance_band_sha256,GCJ-02,other,legacy_pilot_api_entrance,,,中信银行大厦入口坐标,https://ditu.amap.com/place/B0HRYDH7DG,primary_1000m,1000,203.1,4.5,15,model_covered,143.0,1.906667,114.0,地铁大厦地铁站2号口,BX09909225,1.6095680189556378,491d7f9a57586dc776e1_20261004T143850431298Z,4,4,4,True,excluded_from_scope,门禁和临时封路不纳入本轮；结果为导航步行模型，公众通行未实地验证
地铁大厦,写字楼,地铁大厦_B0HRYDH7DG,中信银行大厦,B0HRYDH7DG,B0HRYDH7DG,115.854431,28.683733,api_entrance_coordinate_unverified,unknown,category_quota_distance_band_sha256,GCJ-02,other,legacy_pilot_api_entrance,,,中信银行大厦入口坐标,https://ditu.amap.com/place/B0HRYDH7DG,primary_1000m,1000,203.1,3.5,10,model_covered,143.0,2.451429,114.0,地铁大厦地铁站2号口,BX09909225,1.6095680189556378,491d7f9a57586dc776e1_20261004T143850431298Z,4,4,4,True,excluded_from_scope,门禁和临时封路不纳入本轮；结果为导航步行模型，公众通行未实地验证
地铁大厦,写字楼,地铁大厦_B0HRYDH7DG,中信银行大厦,B0HRYDH7DG,B0HRYDH7DG,115.854431,28.683733,api_entrance_coordinate_unverified,unknown,category_quota_distance_band_sha256,GCJ-02,other,legacy_pilot_api_entrance,,,中信银行大厦入口坐标,https://ditu.amap.com/place/B0HRYDH7DG,primary_1000m,1000,203.1,3.5,15,model_covered,143.0,2.451429,114.0,地铁大厦地铁站2号口,BX09909225,1.6095680189556378,491d7f9a57586dc776e1_20261004T143850431298Z,4,4,4,True,excluded_from_scope,门禁和临时封路不纳入本轮；结果为导航步行模型，公众通行未实地验证
地铁大厦,写字楼,地铁大厦_B0FFH2JAJS,绿地中央广场-D2号商业楼,B0FFH2JAJS,B0FFH2JAJS,115.855771,28.686464,api_entrance_coordinate_unverified,unknown,category_quota_distance_band_sha256,GCJ-02,other,legacy_pilot_api_entrance,,,绿地中央广场-D2号商业楼入口坐标,https://ditu.amap.com/place/B0FFH2JAJS,primary_1000m,1000,423.72,4.5,10,model_covered,428.0,5.706667,342.0,地铁大厦地铁站2号口,BX09909225,1.189957138227731,0e10c218656568b441f7_20261004T143856765055Z,4,4,4,True,excluded_from_scope,门禁和临时封路不纳入本轮；结果为导航步行模型，公众通行未实地验证
地铁大厦,写字楼,地铁大厦_B0FFH2JAJS,绿地中央广场-D2号商业楼,B0FFH2JAJS,B0FFH2JAJS,115.855771,28.686464,api_entrance_coordinate_unverified,unknown,category_quota_distance_band_sha256,GCJ-02,other,legacy_pilot_api_entrance,,,绿地中央广场-D2号商业楼入口坐标,https://ditu.amap.com/place/B0FFH2JAJS,primary_1000m,1000,423.72,4.5,15,model_covered,428.0,5.706667,342.0,地铁大厦地铁站2号口,BX09909225,1.189957138227731,0e10c218656568b441f7_20261004T143856765055Z,4,4,4,True,excluded_from_scope,门禁和临时封路不纳入本轮；结果为导航步行模型，公众通行未实地验证
地铁大厦,写字楼,地铁大厦_B0FFH2JAJS,绿地中央广场-D2号商业楼,B0FFH2JAJS,B0FFH2JAJS,115.855771,28.686464,api_entrance_coordinate_unverified,unknown,category_quota_distance_band_sha256,GCJ-02,other,legacy_pilot_api_entrance,,,绿地中央广场-D2号商业楼入口坐标,https://ditu.amap.com/place/B0FFH2JAJS,primary_1000m,1000,423.72,3.5,10,model_covered,428.0,7.337143,342.0,地铁大厦地铁站2号口,BX09909225,1.189957138227731,0e10c218656568b441f7_20261004T143856765055Z,4,4,4,True,excluded_from_scope,门禁和临时封路不纳入本轮；结果为导航步行模型，公众通行未实地验证
地铁大厦,写字楼,地铁大厦_B0FFH2JAJS,绿地中央广场-D2号商业楼,B0FFH2JAJS,B0FFH2JAJS,115.855771,28.686464,api_entrance_coordinate_unverified,unknown,category_quota_distance_band_sha256,GCJ-02,other,legacy_pilot_api_entrance,,,绿地中央广场-D2号商业楼入口坐标,https://ditu.amap.com/place/B0FFH2JAJS,primary_1000m,1000,423.72,3.5,15,model_covered,428.0,7.337143,342.0,地铁大厦地铁站2号口,BX09909225,1.189957138227731,0e10c218656568b441f7_20261004T143856765055Z,4,4,4,True,excluded_from_scope,门禁和临时封路不纳入本轮；结果为导航步行模型，公众通行未实地验证
地铁大厦,写字楼,地铁大厦_B0LRLKLI55,中顺集团大厦,B0LRLKLI55,B0LRLKLI55,115.861701,28.687225,api_entrance_coordinate_unverified,unknown,category_quota_distance_band_sha256,GCJ-02,other,legacy_pilot_api_entrance,,,中顺集团大厦入口坐标,https://ditu.amap.com/place/B0LRLKLI55,primary_1000m,1000,973.79,4.5,10,model_not_covered,1218.0,16.24,974.0,地铁大厦地铁站2号口,BX09909225,1.3866133367953817,a5ca6cda263b26370868_20261004T143902996264Z,4,4,4,True,excluded_from_scope,门禁和临时封路不纳入本轮；结果为导航步行模型，公众通行未实地验证
地铁大厦,写字楼,地铁大厦_B0LRLKLI55,中顺集团大厦,B0LRLKLI55,B0LRLKLI55,115.861701,28.687225,api_entrance_coordinate_unverified,unknown,category_quota_distance_band_sha256,GCJ-02,other,legacy_pilot_api_entrance,,,中顺集团大厦入口坐标,https://ditu.amap.com/place/B0LRLKLI55,primary_1000m,1000,973.79,4.5,15,model_not_covered,1218.0,16.24,974.0,地铁大厦地铁站2号口,BX09909225,1.3866133367953817,a5ca6cda263b26370868_20261004T143902996264Z,4,4,4,True,excluded_from_scope,门禁和临时封路不纳入本轮；结果为导航步行模型，公众通行未实地验证
地铁大厦,写字楼,地铁大厦_B0LRLKLI55,中顺集团大厦,B0LRLKLI55,B0LRLKLI55,115.861701,28.687225,api_entrance_coordinate_unverified,unknown,category_quota_distance_band_sha256,GCJ-02,other,legacy_pilot_api_entrance,,,中顺集团大厦入口坐标,https://ditu.amap.com/place/B0LRLKLI55,primary_1000m,1000,973.79,3.5,10,model_not_covered,1218.0,20.88,974.0,地铁大厦地铁站2号口,BX09909225,1.3866133367953817,a5ca6cda263b26370868_20261004T143902996264Z,4,4,4,True,excluded_from_scope,门禁和临时封路不纳入本轮；结果为导航步行模型，公众通行未实地验证
地铁大厦,写字楼,地铁大厦_B0LRLKLI55,中顺集团大厦,B0LRLKLI55,B0LRLKLI55,115.861701,28.687225,api_entrance_coordinate_unverified,unknown,category_quota_distance_band_sha256,GCJ-02,other,legacy_pilot_api_entrance,,,中顺集团大厦入口坐标,https://ditu.amap.com/place/B0LRLKLI55,primary_1000m,1000,973.79,3.5,15,model_not_covered,1218.0,20.88,974.0,地铁大厦地铁站2号口,BX09909225,1.3866133367953817,a5ca6cda263b26370868_20261004T143902996264Z,4,4,4,True,excluded_from_scope,门禁和临时封路不纳入本轮；结果为导航步行模型，公众通行未实地验证
地铁大厦,学校,地铁大厦_B0H6ZCSL7G,智领早幼教集团旗舰园(绿地中央广场店),B0H6ZCSL7G,B0H6ZCSL7G,115.854676,28.684388,api_entrance_coordinate_unverified,unknown,category_quota_distance_band_sha256,GCJ-02,other,legacy_pilot_api_entrance,,,智领早幼教集团旗舰园(绿地中央广场店)入口坐标,https://ditu.amap.com/place/B0H6ZCSL7G,primary_1000m,1000,226.07,4.5,10,model_covered,169.0,2.253333,135.0,地铁大厦地铁站2号口,BX09909225,1.3622908848687107,83ad247a0bf2e9541467_20261004T143909322652Z,4,4,4,True,excluded_from_scope,门禁和临时封路不纳入本轮；结果为导航步行模型，公众通行未实地验证
地铁大厦,学校,地铁大厦_B0H6ZCSL7G,智领早幼教集团旗舰园(绿地中央广场店),B0H6ZCSL7G,B0H6ZCSL7G,115.854676,28.684388,api_entrance_coordinate_unverified,unknown,category_quota_distance_band_sha256,GCJ-02,other,legacy_pilot_api_entrance,,,智领早幼教集团旗舰园(绿地中央广场店)入口坐标,https://ditu.amap.com/place/B0H6ZCSL7G,primary_1000m,1000,226.07,4.5,15,model_covered,169.0,2.253333,135.0,地铁大厦地铁站2号口,BX09909225,1.3622908848687107,83ad247a0bf2e9541467_20261004T143909322652Z,4,4,4,True,excluded_from_scope,门禁和临时封路不纳入本轮；结果为导航步行模型，公众通行未实地验证
地铁大厦,学校,地铁大厦_B0H6ZCSL7G,智领早幼教集团旗舰园(绿地中央广场店),B0H6ZCSL7G,B0H6ZCSL7G,115.854676,28.684388,api_entrance_coordinate_unverified,unknown,category_quota_distance_band_sha256,GCJ-02,other,legacy_pilot_api_entrance,,,智领早幼教集团旗舰园(绿地中央广场店)入口坐标,https://ditu.amap.com/place/B0H6ZCSL7G,primary_1000m,1000,226.07,3.5,10,model_covered,169.0,2.897143,135.0,地铁大厦地铁站2号口,BX09909225,1.3622908848687107,83ad247a0bf2e9541467_20261004T143909322652Z,4,4,4,True,excluded_from_scope,门禁和临时封路不纳入本轮；结果为导航步行模型，公众通行未实地验证
地铁大厦,学校,地铁大厦_B0H6ZCSL7G,智领早幼教集团旗舰园(绿地中央广场店),B0H6ZCSL7G,B0H6ZCSL7G,115.854676,28.684388,api_entrance_coordinate_unverified,unknown,category_quota_distance_band_sha256,GCJ-02,other,legacy_pilot_api_entrance,,,智领早幼教集团旗舰园(绿地中央广场店)入口坐标,https://ditu.amap.com/place/B0H6ZCSL7G,primary_1000m,1000,226.07,3.5,15,model_covered,169.0,2.897143,135.0,地铁大厦地铁站2号口,BX09909225,1.3622908848687107,83ad247a0bf2e9541467_20261004T143909322652Z,4,4,4,True,excluded_from_scope,门禁和临时封路不纳入本轮；结果为导航步行模型，公众通行未实地验证
地铁大厦,学校,地铁大厦_B0LGF5R9VT,南昌爱尔福婴幼中心,B0LGF5R9VT,B0LGF5R9VT,115.8544079691965,28.681164601155132,api_entrance_coordinate_unverified,unknown,category_quota_distance_band_sha256,GCJ-02,other,legacy_pilot_api_entrance,,,南昌爱尔福婴幼中心入口坐标,https://ditu.amap.com/place/B0LGF5R9VT,primary_1000m,1000,379.09,4.5,10,model_covered,434.0,5.786667,347.0,地铁大厦地铁站2号口,BX09909225,1.3790492318862837,7872707ce3747826f041_20261004T143915541533Z,4,4,4,True,excluded_from_scope,门禁和临时封路不纳入本轮；结果为导航步行模型，公众通行未实地验证
地铁大厦,学校,地铁大厦_B0LGF5R9VT,南昌爱尔福婴幼中心,B0LGF5R9VT,B0LGF5R9VT,115.8544079691965,28.681164601155132,api_entrance_coordinate_unverified,unknown,category_quota_distance_band_sha256,GCJ-02,other,legacy_pilot_api_entrance,,,南昌爱尔福婴幼中心入口坐标,https://ditu.amap.com/place/B0LGF5R9VT,primary_1000m,1000,379.09,4.5,15,model_covered,434.0,5.786667,347.0,地铁大厦地铁站2号口,BX09909225,1.3790492318862837,7872707ce3747826f041_20261004T143915541533Z,4,4,4,True,excluded_from_scope,门禁和临时封路不纳入本轮；结果为导航步行模型，公众通行未实地验证
地铁大厦,学校,地铁大厦_B0LGF5R9VT,南昌爱尔福婴幼中心,B0LGF5R9VT,B0LGF5R9VT,115.8544079691965,28.681164601155132,api_entrance_coordinate_unverified,unknown,category_quota_distance_band_sha256,GCJ-02,other,legacy_pilot_api_entrance,,,南昌爱尔福婴幼中心入口坐标,https://ditu.amap.com/place/B0LGF5R9VT,primary_1000m,1000,379.09,3.5,10,model_covered,434.0,7.44,347.0,地铁大厦地铁站2号口,BX09909225,1.3790492318862837,7872707ce3747826f041_20261004T143915541533Z,4,4,4,True,excluded_from_scope,门禁和临时封路不纳入本轮；结果为导航步行模型，公众通行未实地验证
地铁大厦,学校,地铁大厦_B0LGF5R9VT,南昌爱尔福婴幼中心,B0LGF5R9VT,B0LGF5R9VT,115.8544079691965,28.681164601155132,api_entrance_coordinate_unverified,unknown,category_quota_distance_band_sha256,GCJ-02,other,legacy_pilot_api_entrance,,,南昌爱尔福婴幼中心入口坐标,https://ditu.amap.com/place/B0LGF5R9VT,primary_1000m,1000,379.09,3.5,15,model_covered,434.0,7.44,347.0,地铁大厦地铁站2号口,BX09909225,1.3790492318862837,7872707ce3747826f041_20261004T143915541533Z,4,4,4,True,excluded_from_scope,门禁和临时封路不纳入本轮；结果为导航步行模型，公众通行未实地验证
地铁大厦,医院,地铁大厦_B0IUJHHGMK,南昌格丽思医疗美容诊所,B0IUJHHGMK,B0IUJHHGMK,115.850423,28.686436,api_entrance_coordinate_unverified,unknown,category_quota_distance_band_sha256,GCJ-02,other,legacy_pilot_api_entrance,,,南昌格丽思医疗美容诊所入口坐标,https://ditu.amap.com/place/B0IUJHHGMK,primary_1000m,1000,324.86,4.5,10,model_covered,371.0,4.946667,297.0,地铁大厦地铁站4号口,BX09909223,1.485878525384721,6d012bc3e4d2b626c0c8_20261004T143923450385Z,4,4,4,True,excluded_from_scope,门禁和临时封路不纳入本轮；结果为导航步行模型，公众通行未实地验证
地铁大厦,医院,地铁大厦_B0IUJHHGMK,南昌格丽思医疗美容诊所,B0IUJHHGMK,B0IUJHHGMK,115.850423,28.686436,api_entrance_coordinate_unverified,unknown,category_quota_distance_band_sha256,GCJ-02,other,legacy_pilot_api_entrance,,,南昌格丽思医疗美容诊所入口坐标,https://ditu.amap.com/place/B0IUJHHGMK,primary_1000m,1000,324.86,4.5,15,model_covered,371.0,4.946667,297.0,地铁大厦地铁站4号口,BX09909223,1.485878525384721,6d012bc3e4d2b626c0c8_20261004T143923450385Z,4,4,4,True,excluded_from_scope,门禁和临时封路不纳入本轮；结果为导航步行模型，公众通行未实地验证
地铁大厦,医院,地铁大厦_B0IUJHHGMK,南昌格丽思医疗美容诊所,B0IUJHHGMK,B0IUJHHGMK,115.850423,28.686436,api_entrance_coordinate_unverified,unknown,category_quota_distance_band_sha256,GCJ-02,other,legacy_pilot_api_entrance,,,南昌格丽思医疗美容诊所入口坐标,https://ditu.amap.com/place/B0IUJHHGMK,primary_1000m,1000,324.86,3.5,10,model_covered,371.0,6.36,297.0,地铁大厦地铁站4号口,BX09909223,1.485878525384721,6d012bc3e4d2b626c0c8_20261004T143923450385Z,4,4,4,True,excluded_from_scope,门禁和临时封路不纳入本轮；结果为导航步行模型，公众通行未实地验证
地铁大厦,医院,地铁大厦_B0IUJHHGMK,南昌格丽思医疗美容诊所,B0IUJHHGMK,B0IUJHHGMK,115.850423,28.686436,api_entrance_coordinate_unverified,unknown,category_quota_distance_band_sha256,GCJ-02,other,legacy_pilot_api_entrance,,,南昌格丽思医疗美容诊所入口坐标,https://ditu.amap.com/place/B0IUJHHGMK,primary_1000m,1000,324.86,3.5,15,model_covered,371.0,6.36,297.0,地铁大厦地铁站4号口,BX09909223,1.485878525384721,6d012bc3e4d2b626c0c8_20261004T143923450385Z,4,4,4,True,excluded_from_scope,门禁和临时封路不纳入本轮；结果为导航步行模型，公众通行未实地验证
瑶湖西,住宅,瑶湖西_B0G2JUHXM9,赣电东方城,B0G2JUHXM9,B0G2JUHXM9,116.037174,28.6698,api_entrance_coordinate_unverified,unknown,category_quota_distance_band_sha256,GCJ-02,resident,legacy_pilot_api_entrance,,,赣电东方城入口坐标,https://ditu.amap.com/place/B0G2JUHXM9,primary_1000m,1000,281.38,4.5,10,model_covered,423.0,5.64,338.0,瑶湖西地铁站3号口,BX10020307,1.374272097448434,6984b166da65fcaad0c5_20261004T143926617990Z,3,3,3,True,excluded_from_scope,门禁和临时封路不纳入本轮；结果为导航步行模型，公众通行未实地验证
瑶湖西,住宅,瑶湖西_B0G2JUHXM9,赣电东方城,B0G2JUHXM9,B0G2JUHXM9,116.037174,28.6698,api_entrance_coordinate_unverified,unknown,category_quota_distance_band_sha256,GCJ-02,resident,legacy_pilot_api_entrance,,,赣电东方城入口坐标,https://ditu.amap.com/place/B0G2JUHXM9,primary_1000m,1000,281.38,4.5,15,model_covered,423.0,5.64,338.0,瑶湖西地铁站3号口,BX10020307,1.374272097448434,6984b166da65fcaad0c5_20261004T143926617990Z,3,3,3,True,excluded_from_scope,门禁和临时封路不纳入本轮；结果为导航步行模型，公众通行未实地验证
瑶湖西,住宅,瑶湖西_B0G2JUHXM9,赣电东方城,B0G2JUHXM9,B0G2JUHXM9,116.037174,28.6698,api_entrance_coordinate_unverified,unknown,category_quota_distance_band_sha256,GCJ-02,resident,legacy_pilot_api_entrance,,,赣电东方城入口坐标,https://ditu.amap.com/place/B0G2JUHXM9,primary_1000m,1000,281.38,3.5,10,model_covered,423.0,7.251429,338.0,瑶湖西地铁站3号口,BX10020307,1.374272097448434,6984b166da65fcaad0c5_20261004T143926617990Z,3,3,3,True,excluded_from_scope,门禁和临时封路不纳入本轮；结果为导航步行模型，公众通行未实地验证
瑶湖西,住宅,瑶湖西_B0G2JUHXM9,赣电东方城,B0G2JUHXM9,B0G2JUHXM9,116.037174,28.6698,api_entrance_coordinate_unverified,unknown,category_quota_distance_band_sha256,GCJ-02,resident,legacy_pilot_api_entrance,,,赣电东方城入口坐标,https://ditu.amap.com/place/B0G2JUHXM9,primary_1000m,1000,281.38,3.5,15,model_covered,423.0,7.251429,338.0,瑶湖西地铁站3号口,BX10020307,1.374272097448434,6984b166da65fcaad0c5_20261004T143926617990Z,3,3,3,True,excluded_from_scope,门禁和临时封路不纳入本轮；结果为导航步行模型，公众通行未实地验证
瑶湖西,住宅,瑶湖西_B0LANRY0F4,奥林匹克体育中心运动员公寓,B0LANRY0F4,B0LANRY0F4,116.033865,28.669765,api_entrance_coordinate_unverified,unknown,category_quota_distance_band_sha256,GCJ-02,resident,legacy_pilot_api_entrance,,,奥林匹克体育中心运动员公寓入口坐标,https://ditu.amap.com/place/B0LANRY0F4,primary_1000m,1000,509.64,4.5,10,model_not_covered,1666.0,22.213333,1333.0,瑶湖西地铁站3号口,BX10020307,3.514886277711275,45d1d8a2849eaa086b02_20261004T143931436360Z,3,3,3,True,excluded_from_scope,门禁和临时封路不纳入本轮；结果为导航步行模型，公众通行未实地验证
瑶湖西,住宅,瑶湖西_B0LANRY0F4,奥林匹克体育中心运动员公寓,B0LANRY0F4,B0LANRY0F4,116.033865,28.669765,api_entrance_coordinate_unverified,unknown,category_quota_distance_band_sha256,GCJ-02,resident,legacy_pilot_api_entrance,,,奥林匹克体育中心运动员公寓入口坐标,https://ditu.amap.com/place/B0LANRY0F4,primary_1000m,1000,509.64,4.5,15,model_not_covered,1666.0,22.213333,1333.0,瑶湖西地铁站3号口,BX10020307,3.514886277711275,45d1d8a2849eaa086b02_20261004T143931436360Z,3,3,3,True,excluded_from_scope,门禁和临时封路不纳入本轮；结果为导航步行模型，公众通行未实地验证
瑶湖西,住宅,瑶湖西_B0LANRY0F4,奥林匹克体育中心运动员公寓,B0LANRY0F4,B0LANRY0F4,116.033865,28.669765,api_entrance_coordinate_unverified,unknown,category_quota_distance_band_sha256,GCJ-02,resident,legacy_pilot_api_entrance,,,奥林匹克体育中心运动员公寓入口坐标,https://ditu.amap.com/place/B0LANRY0F4,primary_1000m,1000,509.64,3.5,10,model_not_covered,1666.0,28.56,1333.0,瑶湖西地铁站3号口,BX10020307,3.514886277711275,45d1d8a2849eaa086b02_20261004T143931436360Z,3,3,3,True,excluded_from_scope,门禁和临时封路不纳入本轮；结果为导航步行模型，公众通行未实地验证
瑶湖西,住宅,瑶湖西_B0LANRY0F4,奥林匹克体育中心运动员公寓,B0LANRY0F4,B0LANRY0F4,116.033865,28.669765,api_entrance_coordinate_unverified,unknown,category_quota_distance_band_sha256,GCJ-02,resident,legacy_pilot_api_entrance,,,奥林匹克体育中心运动员公寓入口坐标,https://ditu.amap.com/place/B0LANRY0F4,primary_1000m,1000,509.64,3.5,15,model_not_covered,1666.0,28.56,1333.0,瑶湖西地铁站3号口,BX10020307,3.514886277711275,45d1d8a2849eaa086b02_20261004T143931436360Z,3,3,3,True,excluded_from_scope,门禁和临时封路不纳入本轮；结果为导航步行模型，公众通行未实地验证
瑶湖西,住宅,瑶湖西_B03170S72W,君汇半岛,B03170S72W,B03170S72W,116.039366,28.678407,api_entrance_coordinate_unverified,unknown,category_quota_distance_band_sha256,GCJ-02,resident,legacy_pilot_api_entrance,,,君汇半岛入口坐标,https://ditu.amap.com/place/B03170S72W,primary_1000m,1000,707.23,4.5,10,model_covered,703.0,9.373333,562.0,瑶湖西地铁站2-2号口,BX10020306,1.172297559764645,5b3849f4dfb3af921390_20261004T143939329335Z,3,3,3,True,excluded_from_scope,门禁和临时封路不纳入本轮；结果为导航步行模型，公众通行未实地验证
瑶湖西,住宅,瑶湖西_B03170S72W,君汇半岛,B03170S72W,B03170S72W,116.039366,28.678407,api_entrance_coordinate_unverified,unknown,category_quota_distance_band_sha256,GCJ-02,resident,legacy_pilot_api_entrance,,,君汇半岛入口坐标,https://ditu.amap.com/place/B03170S72W,primary_1000m,1000,707.23,4.5,15,model_covered,703.0,9.373333,562.0,瑶湖西地铁站2-2号口,BX10020306,1.172297559764645,5b3849f4dfb3af921390_20261004T143939329335Z,3,3,3,True,excluded_from_scope,门禁和临时封路不纳入本轮；结果为导航步行模型，公众通行未实地验证
瑶湖西,住宅,瑶湖西_B03170S72W,君汇半岛,B03170S72W,B03170S72W,116.039366,28.678407,api_entrance_coordinate_unverified,unknown,category_quota_distance_band_sha256,GCJ-02,resident,legacy_pilot_api_entrance,,,君汇半岛入口坐标,https://ditu.amap.com/place/B03170S72W,primary_1000m,1000,707.23,3.5,10,model_not_covered,703.0,12.051429,562.0,瑶湖西地铁站2-2号口,BX10020306,1.172297559764645,5b3849f4dfb3af921390_20261004T143939329335Z,3,3,3,True,excluded_from_scope,门禁和临时封路不纳入本轮；结果为导航步行模型，公众通行未实地验证
瑶湖西,住宅,瑶湖西_B03170S72W,君汇半岛,B03170S72W,B03170S72W,116.039366,28.678407,api_entrance_coordinate_unverified,unknown,category_quota_distance_band_sha256,GCJ-02,resident,legacy_pilot_api_entrance,,,君汇半岛入口坐标,https://ditu.amap.com/place/B03170S72W,primary_1000m,1000,707.23,3.5,15,model_covered,703.0,12.051429,562.0,瑶湖西地铁站2-2号口,BX10020306,1.172297559764645,5b3849f4dfb3af921390_20261004T143939329335Z,3,3,3,True,excluded_from_scope,门禁和临时封路不纳入本轮；结果为导航步行模型，公众通行未实地验证
瑶湖西,学校,瑶湖西_B03170TY5K,江西师范大学(瑶湖校区),B0FFGZBKBF,B03170TY5K,116.032698,28.673759,campus_api_entrance_unverified,unknown,category_quota_distance_band_sha256,GCJ-02,student,legacy_parent_detail_entr_location,da4f901a851ea36c0404_20261004T142413012444Z,B03170TY5K,江西师范大学(瑶湖校区)高德入口字段,https://ditu.amap.com/place/B03170TY5K,primary_1000m,1000,581.5,4.5,10,model_covered,549.0,7.32,439.0,瑶湖西地铁站3号口,BX10020307,1.1168863666025304,d2a9b9df88d0e234bf8c_20261004T143940868308Z,3,3,3,True,excluded_from_scope,门禁和临时封路不纳入本轮；结果为导航步行模型，公众通行未实地验证
瑶湖西,学校,瑶湖西_B03170TY5K,江西师范大学(瑶湖校区),B0FFGZBKBF,B03170TY5K,116.032698,28.673759,campus_api_entrance_unverified,unknown,category_quota_distance_band_sha256,GCJ-02,student,legacy_parent_detail_entr_location,da4f901a851ea36c0404_20261004T142413012444Z,B03170TY5K,江西师范大学(瑶湖校区)高德入口字段,https://ditu.amap.com/place/B03170TY5K,primary_1000m,1000,581.5,4.5,15,model_covered,549.0,7.32,439.0,瑶湖西地铁站3号口,BX10020307,1.1168863666025304,d2a9b9df88d0e234bf8c_20261004T143940868308Z,3,3,3,True,excluded_from_scope,门禁和临时封路不纳入本轮；结果为导航步行模型，公众通行未实地验证
瑶湖西,学校,瑶湖西_B03170TY5K,江西师范大学(瑶湖校区),B0FFGZBKBF,B03170TY5K,116.032698,28.673759,campus_api_entrance_unverified,unknown,category_quota_distance_band_sha256,GCJ-02,student,legacy_parent_detail_entr_location,da4f901a851ea36c0404_20261004T142413012444Z,B03170TY5K,江西师范大学(瑶湖校区)高德入口字段,https://ditu.amap.com/place/B03170TY5K,primary_1000m,1000,581.5,3.5,10,model_covered,549.0,9.411429,439.0,瑶湖西地铁站3号口,BX10020307,1.1168863666025304,d2a9b9df88d0e234bf8c_20261004T143940868308Z,3,3,3,True,excluded_from_scope,门禁和临时封路不纳入本轮；结果为导航步行模型，公众通行未实地验证
瑶湖西,学校,瑶湖西_B03170TY5K,江西师范大学(瑶湖校区),B0FFGZBKBF,B03170TY5K,116.032698,28.673759,campus_api_entrance_unverified,unknown,category_quota_distance_band_sha256,GCJ-02,student,legacy_parent_detail_entr_location,da4f901a851ea36c0404_20261004T142413012444Z,B03170TY5K,江西师范大学(瑶湖校区)高德入口字段,https://ditu.amap.com/place/B03170TY5K,primary_1000m,1000,581.5,3.5,15,model_covered,549.0,9.411429,439.0,瑶湖西地铁站3号口,BX10020307,1.1168863666025304,d2a9b9df88d0e234bf8c_20261004T143940868308Z,3,3,3,True,excluded_from_scope,门禁和临时封路不纳入本轮；结果为导航步行模型，公众通行未实地验证
秋水广场,住宅,秋水广场_B031704THU,滨江豪园,B031704THU,B031704THU,115.854938,28.681035,api_entrance_coordinate_unverified,excluded_from_scope,category_quota_distance_band_sha256,GCJ-02,resident,official_poi_entr_location,92b4432e6cebe8971ea7_20261004T154527570317Z,,滨江豪园入口坐标,https://ditu.amap.com/place/B031704THU,primary_1000m,1000,491.22,4.5,10,model_covered,541.0,7.213333,433.0,秋水广场地铁站4号口,BX10020240,1.5418285149591366,6dba522f2059ae30a73a_20261004T154959543709Z,5,5,5,True,excluded_from_scope,门禁和临时封路不纳入本轮；结果为导航步行模型，公众通行未实地验证
秋水广场,住宅,秋水广场_B031704THU,滨江豪园,B031704THU,B031704THU,115.854938,28.681035,api_entrance_coordinate_unverified,excluded_from_scope,category_quota_distance_band_sha256,GCJ-02,resident,official_poi_entr_location,92b4432e6cebe8971ea7_20261004T154527570317Z,,滨江豪园入口坐标,https://ditu.amap.com/place/B031704THU,primary_1000m,1000,491.22,4.5,15,model_covered,541.0,7.213333,433.0,秋水广场地铁站4号口,BX10020240,1.5418285149591366,6dba522f2059ae30a73a_20261004T154959543709Z,5,5,5,True,excluded_from_scope,门禁和临时封路不纳入本轮；结果为导航步行模型，公众通行未实地验证
秋水广场,住宅,秋水广场_B031704THU,滨江豪园,B031704THU,B031704THU,115.854938,28.681035,api_entrance_coordinate_unverified,excluded_from_scope,category_quota_distance_band_sha256,GCJ-02,resident,official_poi_entr_location,92b4432e6cebe8971ea7_20261004T154527570317Z,,滨江豪园入口坐标,https://ditu.amap.com/place/B031704THU,primary_1000m,1000,491.22,3.5,10,model_covered,541.0,9.274286,433.0,秋水广场地铁站4号口,BX10020240,1.5418285149591366,6dba522f2059ae30a73a_20261004T154959543709Z,5,5,5,True,excluded_from_scope,门禁和临时封路不纳入本轮；结果为导航步行模型，公众通行未实地验证
秋水广场,住宅,秋水广场_B031704THU,滨江豪园,B031704THU,B031704THU,115.854938,28.681035,api_entrance_coordinate_unverified,excluded_from_scope,category_quota_distance_band_sha256,GCJ-02,resident,official_poi_entr_location,92b4432e6cebe8971ea7_20261004T154527570317Z,,滨江豪园入口坐标,https://ditu.amap.com/place/B031704THU,primary_1000m,1000,491.22,3.5,15,model_covered,541.0,9.274286,433.0,秋水广场地铁站4号口,BX10020240,1.5418285149591366,6dba522f2059ae30a73a_20261004T154959543709Z,5,5,5,True,excluded_from_scope,门禁和临时封路不纳入本轮；结果为导航步行模型，公众通行未实地验证
秋水广场,住宅,秋水广场_B0L2GKS5QQ,普瑞花园2区,B0L2GKS5QQ,B0L2GKS5QQ,115.853942,28.676644,api_entrance_coordinate_unverified,excluded_from_scope,category_quota_distance_band_sha256,GCJ-02,resident,official_poi_entr_location,92b4432e6cebe8971ea7_20261004T154527570317Z,,普瑞花园2区入口坐标,https://ditu.amap.com/place/B0L2GKS5QQ,primary_1000m,1000,768.84,4.5,10,model_not_covered,985.0,13.133333,788.0,秋水广场地铁站4号口,BX10020240,1.4245320429242059,a79e575e2e5d8bb7f709_20261004T155007499153Z,5,5,5,True,excluded_from_scope,门禁和临时封路不纳入本轮；结果为导航步行模型，公众通行未实地验证
秋水广场,住宅,秋水广场_B0L2GKS5QQ,普瑞花园2区,B0L2GKS5QQ,B0L2GKS5QQ,115.853942,28.676644,api_entrance_coordinate_unverified,excluded_from_scope,category_quota_distance_band_sha256,GCJ-02,resident,official_poi_entr_location,92b4432e6cebe8971ea7_20261004T154527570317Z,,普瑞花园2区入口坐标,https://ditu.amap.com/place/B0L2GKS5QQ,primary_1000m,1000,768.84,4.5,15,model_covered,985.0,13.133333,788.0,秋水广场地铁站4号口,BX10020240,1.4245320429242059,a79e575e2e5d8bb7f709_20261004T155007499153Z,5,5,5,True,excluded_from_scope,门禁和临时封路不纳入本轮；结果为导航步行模型，公众通行未实地验证
秋水广场,住宅,秋水广场_B0L2GKS5QQ,普瑞花园2区,B0L2GKS5QQ,B0L2GKS5QQ,115.853942,28.676644,api_entrance_coordinate_unverified,excluded_from_scope,category_quota_distance_band_sha256,GCJ-02,resident,official_poi_entr_location,92b4432e6cebe8971ea7_20261004T154527570317Z,,普瑞花园2区入口坐标,https://ditu.amap.com/place/B0L2GKS5QQ,primary_1000m,1000,768.84,3.5,10,model_not_covered,985.0,16.885714,788.0,秋水广场地铁站4号口,BX10020240,1.4245320429242059,a79e575e2e5d8bb7f709_20261004T155007499153Z,5,5,5,True,excluded_from_scope,门禁和临时封路不纳入本轮；结果为导航步行模型，公众通行未实地验证
秋水广场,住宅,秋水广场_B0L2GKS5QQ,普瑞花园2区,B0L2GKS5QQ,B0L2GKS5QQ,115.853942,28.676644,api_entrance_coordinate_unverified,excluded_from_scope,category_quota_distance_band_sha256,GCJ-02,resident,official_poi_entr_location,92b4432e6cebe8971ea7_20261004T154527570317Z,,普瑞花园2区入口坐标,https://ditu.amap.com/place/B0L2GKS5QQ,primary_1000m,1000,768.84,3.5,15,model_not_covered,985.0,16.885714,788.0,秋水广场地铁站4号口,BX10020240,1.4245320429242059,a79e575e2e5d8bb7f709_20261004T155007499153Z,5,5,5,True,excluded_from_scope,门禁和临时封路不纳入本轮；结果为导航步行模型，公众通行未实地验证
秋水广场,住宅,秋水广场_B0317052E7,普瑞花园,B0317052E7,B0317052E7,115.856341,28.676107,api_entrance_coordinate_unverified,excluded_from_scope,category_quota_distance_band_sha256,GCJ-02,resident,official_poi_entr_location,92b4432e6cebe8971ea7_20261004T154527570317Z,,普瑞花园入口坐标,https://ditu.amap.com/place/B0317052E7,primary_1000m,1000,658.15,4.5,10,model_covered,744.0,9.92,595.0,秋水广场地铁站4号口,BX10020240,1.189905680552251,7ad480847e16df7bebcf_20261004T155015543750Z,5,5,5,True,excluded_from_scope,门禁和临时封路不纳入本轮；结果为导航步行模型，公众通行未实地验证
秋水广场,住宅,秋水广场_B0317052E7,普瑞花园,B0317052E7,B0317052E7,115.856341,28.676107,api_entrance_coordinate_unverified,excluded_from_scope,category_quota_distance_band_sha256,GCJ-02,resident,official_poi_entr_location,92b4432e6cebe8971ea7_20261004T154527570317Z,,普瑞花园入口坐标,https://ditu.amap.com/place/B0317052E7,primary_1000m,1000,658.15,4.5,15,model_covered,744.0,9.92,595.0,秋水广场地铁站4号口,BX10020240,1.189905680552251,7ad480847e16df7bebcf_20261004T155015543750Z,5,5,5,True,excluded_from_scope,门禁和临时封路不纳入本轮；结果为导航步行模型，公众通行未实地验证
秋水广场,住宅,秋水广场_B0317052E7,普瑞花园,B0317052E7,B0317052E7,115.856341,28.676107,api_entrance_coordinate_unverified,excluded_from_scope,category_quota_distance_band_sha256,GCJ-02,resident,official_poi_entr_location,92b4432e6cebe8971ea7_20261004T154527570317Z,,普瑞花园入口坐标,https://ditu.amap.com/place/B0317052E7,primary_1000m,1000,658.15,3.5,10,model_not_covered,744.0,12.754286,595.0,秋水广场地铁站4号口,BX10020240,1.189905680552251,7ad480847e16df7bebcf_20261004T155015543750Z,5,5,5,True,excluded_from_scope,门禁和临时封路不纳入本轮；结果为导航步行模型，公众通行未实地验证
秋水广场,住宅,秋水广场_B0317052E7,普瑞花园,B0317052E7,B0317052E7,115.856341,28.676107,api_entrance_coordinate_unverified,excluded_from_scope,category_quota_distance_band_sha256,GCJ-02,resident,official_poi_entr_location,92b4432e6cebe8971ea7_20261004T154527570317Z,,普瑞花园入口坐标,https://ditu.amap.com/place/B0317052E7,primary_1000m,1000,658.15,3.5,15,model_covered,744.0,12.754286,595.0,秋水广场地铁站4号口,BX10020240,1.189905680552251,7ad480847e16df7bebcf_20261004T155015543750Z,5,5,5,True,excluded_from_scope,门禁和临时封路不纳入本轮；结果为导航步行模型，公众通行未实地验证
秋水广场,住宅,秋水广场_B0FFFPM4IO,红谷春天花园北园,B0FFHRQ3HI,B0FFFPM4IO,115.855599,28.672982,api_entrance_coordinate_unverified,excluded_from_scope,category_quota_distance_band_sha256,GCJ-02,resident,official_poi_entr_location,92b4432e6cebe8971ea7_20261004T154527570317Z,B0FFFPM4IO,红谷春天花园北园入口坐标,https://ditu.amap.com/place/B0FFHRQ3HI,primary_1000m,1000,997.95,4.5,10,model_not_covered,1083.0,14.44,866.0,秋水广场地铁站4号口,BX10020240,1.1073773284635675,907a5725a5f9d30283cf_20261004T155023688796Z,5,5,5,True,excluded_from_scope,门禁和临时封路不纳入本轮；结果为导航步行模型，公众通行未实地验证
秋水广场,住宅,秋水广场_B0FFFPM4IO,红谷春天花园北园,B0FFHRQ3HI,B0FFFPM4IO,115.855599,28.672982,api_entrance_coordinate_unverified,excluded_from_scope,category_quota_distance_band_sha256,GCJ-02,resident,official_poi_entr_location,92b4432e6cebe8971ea7_20261004T154527570317Z,B0FFFPM4IO,红谷春天花园北园入口坐标,https://ditu.amap.com/place/B0FFHRQ3HI,primary_1000m,1000,997.95,4.5,15,model_covered,1083.0,14.44,866.0,秋水广场地铁站4号口,BX10020240,1.1073773284635675,907a5725a5f9d30283cf_20261004T155023688796Z,5,5,5,True,excluded_from_scope,门禁和临时封路不纳入本轮；结果为导航步行模型，公众通行未实地验证
秋水广场,住宅,秋水广场_B0FFFPM4IO,红谷春天花园北园,B0FFHRQ3HI,B0FFFPM4IO,115.855599,28.672982,api_entrance_coordinate_unverified,excluded_from_scope,category_quota_distance_band_sha256,GCJ-02,resident,official_poi_entr_location,92b4432e6cebe8971ea7_20261004T154527570317Z,B0FFFPM4IO,红谷春天花园北园入口坐标,https://ditu.amap.com/place/B0FFHRQ3HI,primary_1000m,1000,997.95,3.5,10,model_not_covered,1083.0,18.565714,866.0,秋水广场地铁站4号口,BX10020240,1.1073773284635675,907a5725a5f9d30283cf_20261004T155023688796Z,5,5,5,True,excluded_from_scope,门禁和临时封路不纳入本轮；结果为导航步行模型，公众通行未实地验证
秋水广场,住宅,秋水广场_B0FFFPM4IO,红谷春天花园北园,B0FFHRQ3HI,B0FFFPM4IO,115.855599,28.672982,api_entrance_coordinate_unverified,excluded_from_scope,category_quota_distance_band_sha256,GCJ-02,resident,official_poi_entr_location,92b4432e6cebe8971ea7_20261004T154527570317Z,B0FFFPM4IO,红谷春天花园北园入口坐标,https://ditu.amap.com/place/B0FFHRQ3HI,primary_1000m,1000,997.95,3.5,15,model_not_covered,1083.0,18.565714,866.0,秋水广场地铁站4号口,BX10020240,1.1073773284635675,907a5725a5f9d30283cf_20261004T155023688796Z,5,5,5,True,excluded_from_scope,门禁和临时封路不纳入本轮；结果为导航步行模型，公众通行未实地验证
秋水广场,写字楼,秋水广场_B03170SVWK,秋水广场运营中心,B0LDYU1PZ7,B03170SVWK,115.861863,28.683218,api_entrance_coordinate_unverified,excluded_from_scope,category_quota_distance_band_sha256,GCJ-02,other,official_poi_entr_location,7d6e9cf03b52678cc4e3_20261004T154529265278Z,B03170SVWK,秋水广场运营中心入口坐标,https://ditu.amap.com/place/B0LDYU1PZ7,primary_1000m,1000,299.53,4.5,10,model_covered,267.0,3.56,214.0,秋水广场地铁站2号口,BX10020239,1.1005134692595862,1ee778e004875a1dd8ab_20261004T155026840410Z,5,5,5,True,excluded_from_scope,门禁和临时封路不纳入本轮；结果为导航步行模型，公众通行未实地验证
秋水广场,写字楼,秋水广场_B03170SVWK,秋水广场运营中心,B0LDYU1PZ7,B03170SVWK,115.861863,28.683218,api_entrance_coordinate_unverified,excluded_from_scope,category_quota_distance_band_sha256,GCJ-02,other,official_poi_entr_location,7d6e9cf03b52678cc4e3_20261004T154529265278Z,B03170SVWK,秋水广场运营中心入口坐标,https://ditu.amap.com/place/B0LDYU1PZ7,primary_1000m,1000,299.53,4.5,15,model_covered,267.0,3.56,214.0,秋水广场地铁站2号口,BX10020239,1.1005134692595862,1ee778e004875a1dd8ab_20261004T155026840410Z,5,5,5,True,excluded_from_scope,门禁和临时封路不纳入本轮；结果为导航步行模型，公众通行未实地验证
秋水广场,写字楼,秋水广场_B03170SVWK,秋水广场运营中心,B0LDYU1PZ7,B03170SVWK,115.861863,28.683218,api_entrance_coordinate_unverified,excluded_from_scope,category_quota_distance_band_sha256,GCJ-02,other,official_poi_entr_location,7d6e9cf03b52678cc4e3_20261004T154529265278Z,B03170SVWK,秋水广场运营中心入口坐标,https://ditu.amap.com/place/B0LDYU1PZ7,primary_1000m,1000,299.53,3.5,10,model_covered,267.0,4.577143,214.0,秋水广场地铁站2号口,BX10020239,1.1005134692595862,1ee778e004875a1dd8ab_20261004T155026840410Z,5,5,5,True,excluded_from_scope,门禁和临时封路不纳入本轮；结果为导航步行模型，公众通行未实地验证
秋水广场,写字楼,秋水广场_B03170SVWK,秋水广场运营中心,B0LDYU1PZ7,B03170SVWK,115.861863,28.683218,api_entrance_coordinate_unverified,excluded_from_scope,category_quota_distance_band_sha256,GCJ-02,other,official_poi_entr_location,7d6e9cf03b52678cc4e3_20261004T154529265278Z,B03170SVWK,秋水广场运营中心入口坐标,https://ditu.amap.com/place/B0LDYU1PZ7,primary_1000m,1000,299.53,3.5,15,model_covered,267.0,4.577143,214.0,秋水广场地铁站2号口,BX10020239,1.1005134692595862,1ee778e004875a1dd8ab_20261004T155026840410Z,5,5,5,True,excluded_from_scope,门禁和临时封路不纳入本轮；结果为导航步行模型，公众通行未实地验证
秋水广场,写字楼,秋水广场_B0HRYDH7DG,中信银行大厦,B0HRYDH7DG,B0HRYDH7DG,115.854431,28.683733,api_entrance_coordinate_unverified,excluded_from_scope,category_quota_distance_band_sha256,GCJ-02,other,official_poi_entr_location,7d6e9cf03b52678cc4e3_20261004T154529265278Z,,中信银行大厦入口坐标,https://ditu.amap.com/place/B0HRYDH7DG,primary_1000m,1000,615.08,4.5,10,model_covered,529.0,7.053333,423.0,秋水广场地铁站4号口,BX10020240,1.113197667031322,16601924ca4b1263a701_20261004T155039579169Z,5,5,5,True,excluded_from_scope,门禁和临时封路不纳入本轮；结果为导航步行模型，公众通行未实地验证
秋水广场,写字楼,秋水广场_B0HRYDH7DG,中信银行大厦,B0HRYDH7DG,B0HRYDH7DG,115.854431,28.683733,api_entrance_coordinate_unverified,excluded_from_scope,category_quota_distance_band_sha256,GCJ-02,other,official_poi_entr_location,7d6e9cf03b52678cc4e3_20261004T154529265278Z,,中信银行大厦入口坐标,https://ditu.amap.com/place/B0HRYDH7DG,primary_1000m,1000,615.08,4.5,15,model_covered,529.0,7.053333,423.0,秋水广场地铁站4号口,BX10020240,1.113197667031322,16601924ca4b1263a701_20261004T155039579169Z,5,5,5,True,excluded_from_scope,门禁和临时封路不纳入本轮；结果为导航步行模型，公众通行未实地验证
秋水广场,写字楼,秋水广场_B0HRYDH7DG,中信银行大厦,B0HRYDH7DG,B0HRYDH7DG,115.854431,28.683733,api_entrance_coordinate_unverified,excluded_from_scope,category_quota_distance_band_sha256,GCJ-02,other,official_poi_entr_location,7d6e9cf03b52678cc4e3_20261004T154529265278Z,,中信银行大厦入口坐标,https://ditu.amap.com/place/B0HRYDH7DG,primary_1000m,1000,615.08,3.5,10,model_covered,529.0,9.068571,423.0,秋水广场地铁站4号口,BX10020240,1.113197667031322,16601924ca4b1263a701_20261004T155039579169Z,5,5,5,True,excluded_from_scope,门禁和临时封路不纳入本轮；结果为导航步行模型，公众通行未实地验证
秋水广场,写字楼,秋水广场_B0HRYDH7DG,中信银行大厦,B0HRYDH7DG,B0HRYDH7DG,115.854431,28.683733,api_entrance_coordinate_unverified,excluded_from_scope,category_quota_distance_band_sha256,GCJ-02,other,official_poi_entr_location,7d6e9cf03b52678cc4e3_20261004T154529265278Z,,中信银行大厦入口坐标,https://ditu.amap.com/place/B0HRYDH7DG,primary_1000m,1000,615.08,3.5,15,model_covered,529.0,9.068571,423.0,秋水广场地铁站4号口,BX10020240,1.113197667031322,16601924ca4b1263a701_20261004T155039579169Z,5,5,5,True,excluded_from_scope,门禁和临时封路不纳入本轮；结果为导航步行模型，公众通行未实地验证
师大南路,住宅,师大南路_B0LDN6SAPR,南柴小区,B0LDN6SAPR,B0LDN6SAPR,115.921179,28.673885,api_entrance_coordinate_unverified,excluded_from_scope,category_quota_distance_band_sha256,GCJ-02,resident,official_poi_entr_location,049ef0f2cbd947f41b3a_20261004T154537372873Z,,南柴小区入口坐标,https://ditu.amap.com/place/B0LDN6SAPR,primary_1000m,1000,295.48,4.5,10,model_covered,233.0,3.106667,186.0,师大南路地铁站4号口,BX10020298,1.0854350822286878,ee06d211021ce7d75fad_20261004T155043200518Z,3,3,3,True,excluded_from_scope,门禁和临时封路不纳入本轮；结果为导航步行模型，公众通行未实地验证
师大南路,住宅,师大南路_B0LDN6SAPR,南柴小区,B0LDN6SAPR,B0LDN6SAPR,115.921179,28.673885,api_entrance_coordinate_unverified,excluded_from_scope,category_quota_distance_band_sha256,GCJ-02,resident,official_poi_entr_location,049ef0f2cbd947f41b3a_20261004T154537372873Z,,南柴小区入口坐标,https://ditu.amap.com/place/B0LDN6SAPR,primary_1000m,1000,295.48,4.5,15,model_covered,233.0,3.106667,186.0,师大南路地铁站4号口,BX10020298,1.0854350822286878,ee06d211021ce7d75fad_20261004T155043200518Z,3,3,3,True,excluded_from_scope,门禁和临时封路不纳入本轮；结果为导航步行模型，公众通行未实地验证
师大南路,住宅,师大南路_B0LDN6SAPR,南柴小区,B0LDN6SAPR,B0LDN6SAPR,115.921179,28.673885,api_entrance_coordinate_unverified,excluded_from_scope,category_quota_distance_band_sha256,GCJ-02,resident,official_poi_entr_location,049ef0f2cbd947f41b3a_20261004T154537372873Z,,南柴小区入口坐标,https://ditu.amap.com/place/B0LDN6SAPR,primary_1000m,1000,295.48,3.5,10,model_covered,233.0,3.994286,186.0,师大南路地铁站4号口,BX10020298,1.0854350822286878,ee06d211021ce7d75fad_20261004T155043200518Z,3,3,3,True,excluded_from_scope,门禁和临时封路不纳入本轮；结果为导航步行模型，公众通行未实地验证
师大南路,住宅,师大南路_B0LDN6SAPR,南柴小区,B0LDN6SAPR,B0LDN6SAPR,115.921179,28.673885,api_entrance_coordinate_unverified,excluded_from_scope,category_quota_distance_band_sha256,GCJ-02,resident,official_poi_entr_location,049ef0f2cbd947f41b3a_20261004T154537372873Z,,南柴小区入口坐标,https://ditu.amap.com/place/B0LDN6SAPR,primary_1000m,1000,295.48,3.5,15,model_covered,233.0,3.994286,186.0,师大南路地铁站4号口,BX10020298,1.0854350822286878,ee06d211021ce7d75fad_20261004T155043200518Z,3,3,3,True,excluded_from_scope,门禁和临时封路不纳入本轮；结果为导航步行模型，公众通行未实地验证
师大南路,住宅,师大南路_B031705BCC,江西省农行小区,B031705BCC,B031705BCC,115.922352,28.671588,api_entrance_coordinate_unverified,excluded_from_scope,category_quota_distance_band_sha256,GCJ-02,resident,official_poi_entr_location,049ef0f2cbd947f41b3a_20261004T154537372873Z,,江西省农行小区入口坐标,https://ditu.amap.com/place/B031705BCC,primary_1000m,1000,326.47,4.5,10,model_covered,502.0,6.693333,402.0,师大南路地铁站4号口,BX10020298,1.8527304377505807,f0da8a492beec8814506_20261004T155047915335Z,3,3,3,True,excluded_from_scope,门禁和临时封路不纳入本轮；结果为导航步行模型，公众通行未实地验证
师大南路,住宅,师大南路_B031705BCC,江西省农行小区,B031705BCC,B031705BCC,115.922352,28.671588,api_entrance_coordinate_unverified,excluded_from_scope,category_quota_distance_band_sha256,GCJ-02,resident,official_poi_entr_location,049ef0f2cbd947f41b3a_20261004T154537372873Z,,江西省农行小区入口坐标,https://ditu.amap.com/place/B031705BCC,primary_1000m,1000,326.47,4.5,15,model_covered,502.0,6.693333,402.0,师大南路地铁站4号口,BX10020298,1.8527304377505807,f0da8a492beec8814506_20261004T155047915335Z,3,3,3,True,excluded_from_scope,门禁和临时封路不纳入本轮；结果为导航步行模型，公众通行未实地验证
师大南路,住宅,师大南路_B031705BCC,江西省农行小区,B031705BCC,B031705BCC,115.922352,28.671588,api_entrance_coordinate_unverified,excluded_from_scope,category_quota_distance_band_sha256,GCJ-02,resident,official_poi_entr_location,049ef0f2cbd947f41b3a_20261004T154537372873Z,,江西省农行小区入口坐标,https://ditu.amap.com/place/B031705BCC,primary_1000m,1000,326.47,3.5,10,model_covered,502.0,8.605714,402.0,师大南路地铁站4号口,BX10020298,1.8527304377505807,f0da8a492beec8814506_20261004T155047915335Z,3,3,3,True,excluded_from_scope,门禁和临时封路不纳入本轮；结果为导航步行模型，公众通行未实地验证
师大南路,住宅,师大南路_B031705BCC,江西省农行小区,B031705BCC,B031705BCC,115.922352,28.671588,api_entrance_coordinate_unverified,excluded_from_scope,category_quota_distance_band_sha256,GCJ-02,resident,official_poi_entr_location,049ef0f2cbd947f41b3a_20261004T154537372873Z,,江西省农行小区入口坐标,https://ditu.amap.com/place/B031705BCC,primary_1000m,1000,326.47,3.5,15,model_covered,502.0,8.605714,402.0,师大南路地铁站4号口,BX10020298,1.8527304377505807,f0da8a492beec8814506_20261004T155047915335Z,3,3,3,True,excluded_from_scope,门禁和临时封路不纳入本轮；结果为导航步行模型，公众通行未实地验证
师大南路,住宅,师大南路_B0LKZXGNCV,栩苑,B0LKZXGNCV,B0LKZXGNCV,115.926173,28.675016,api_entrance_coordinate_unverified,excluded_from_scope,category_quota_distance_band_sha256,GCJ-02,resident,official_poi_entr_location,049ef0f2cbd947f41b3a_20261004T154537372873Z,,栩苑入口坐标,https://ditu.amap.com/place/B0LKZXGNCV,primary_1000m,1000,221.04,4.5,10,model_covered,272.0,3.626667,218.0,师大南路地铁站2号口,BX10020300,1.6883251290847874,195b48f10ddc82581e84_20261004T155051245595Z,3,3,3,True,excluded_from_scope,门禁和临时封路不纳入本轮；结果为导航步行模型，公众通行未实地验证
师大南路,住宅,师大南路_B0LKZXGNCV,栩苑,B0LKZXGNCV,B0LKZXGNCV,115.926173,28.675016,api_entrance_coordinate_unverified,excluded_from_scope,category_quota_distance_band_sha256,GCJ-02,resident,official_poi_entr_location,049ef0f2cbd947f41b3a_20261004T154537372873Z,,栩苑入口坐标,https://ditu.amap.com/place/B0LKZXGNCV,primary_1000m,1000,221.04,4.5,15,model_covered,272.0,3.626667,218.0,师大南路地铁站2号口,BX10020300,1.6883251290847874,195b48f10ddc82581e84_20261004T155051245595Z,3,3,3,True,excluded_from_scope,门禁和临时封路不纳入本轮；结果为导航步行模型，公众通行未实地验证
师大南路,住宅,师大南路_B0LKZXGNCV,栩苑,B0LKZXGNCV,B0LKZXGNCV,115.926173,28.675016,api_entrance_coordinate_unverified,excluded_from_scope,category_quota_distance_band_sha256,GCJ-02,resident,official_poi_entr_location,049ef0f2cbd947f41b3a_20261004T154537372873Z,,栩苑入口坐标,https://ditu.amap.com/place/B0LKZXGNCV,primary_1000m,1000,221.04,3.5,10,model_covered,272.0,4.662857,218.0,师大南路地铁站2号口,BX10020300,1.6883251290847874,195b48f10ddc82581e84_20261004T155051245595Z,3,3,3,True,excluded_from_scope,门禁和临时封路不纳入本轮；结果为导航步行模型，公众通行未实地验证
师大南路,住宅,师大南路_B0LKZXGNCV,栩苑,B0LKZXGNCV,B0LKZXGNCV,115.926173,28.675016,api_entrance_coordinate_unverified,excluded_from_scope,category_quota_distance_band_sha256,GCJ-02,resident,official_poi_entr_location,049ef0f2cbd947f41b3a_20261004T154537372873Z,,栩苑入口坐标,https://ditu.amap.com/place/B0LKZXGNCV,primary_1000m,1000,221.04,3.5,15,model_covered,272.0,4.662857,218.0,师大南路地铁站2号口,BX10020300,1.6883251290847874,195b48f10ddc82581e84_20261004T155051245595Z,3,3,3,True,excluded_from_scope,门禁和临时封路不纳入本轮；结果为导航步行模型，公众通行未实地验证
师大南路,住宅,师大南路_B0JBS5TDQG,江西师范大学附属中学(住宅区),B0JBS5TDQG,B0JBS5TDQG,115.923943,28.673627,api_entrance_coordinate_unverified,excluded_from_scope,category_quota_distance_band_sha256,GCJ-02,resident,official_poi_entr_location,049ef0f2cbd947f41b3a_20261004T154537372873Z,,江西师范大学附属中学(住宅区)入口坐标,https://ditu.amap.com/place/B0JBS5TDQG,primary_1000m,1000,51.88,4.5,10,model_covered,111.0,1.48,89.0,师大南路地铁站4号口,BX10020298,1.8364064177010413,133e31ac4492fe85bfb8_20261004T155057697958Z,3,3,3,True,excluded_from_scope,门禁和临时封路不纳入本轮；结果为导航步行模型，公众通行未实地验证
师大南路,住宅,师大南路_B0JBS5TDQG,江西师范大学附属中学(住宅区),B0JBS5TDQG,B0JBS5TDQG,115.923943,28.673627,api_entrance_coordinate_unverified,excluded_from_scope,category_quota_distance_band_sha256,GCJ-02,resident,official_poi_entr_location,049ef0f2cbd947f41b3a_20261004T154537372873Z,,江西师范大学附属中学(住宅区)入口坐标,https://ditu.amap.com/place/B0JBS5TDQG,primary_1000m,1000,51.88,4.5,15,model_covered,111.0,1.48,89.0,师大南路地铁站4号口,BX10020298,1.8364064177010413,133e31ac4492fe85bfb8_20261004T155057697958Z,3,3,3,True,excluded_from_scope,门禁和临时封路不纳入本轮；结果为导航步行模型，公众通行未实地验证
师大南路,住宅,师大南路_B0JBS5TDQG,江西师范大学附属中学(住宅区),B0JBS5TDQG,B0JBS5TDQG,115.923943,28.673627,api_entrance_coordinate_unverified,excluded_from_scope,category_quota_distance_band_sha256,GCJ-02,resident,official_poi_entr_location,049ef0f2cbd947f41b3a_20261004T154537372873Z,,江西师范大学附属中学(住宅区)入口坐标,https://ditu.amap.com/place/B0JBS5TDQG,primary_1000m,1000,51.88,3.5,10,model_covered,111.0,1.902857,89.0,师大南路地铁站4号口,BX10020298,1.8364064177010413,133e31ac4492fe85bfb8_20261004T155057697958Z,3,3,3,True,excluded_from_scope,门禁和临时封路不纳入本轮；结果为导航步行模型，公众通行未实地验证
师大南路,住宅,师大南路_B0JBS5TDQG,江西师范大学附属中学(住宅区),B0JBS5TDQG,B0JBS5TDQG,115.923943,28.673627,api_entrance_coordinate_unverified,excluded_from_scope,category_quota_distance_band_sha256,GCJ-02,resident,official_poi_entr_location,049ef0f2cbd947f41b3a_20261004T154537372873Z,,江西师范大学附属中学(住宅区)入口坐标,https://ditu.amap.com/place/B0JBS5TDQG,primary_1000m,1000,51.88,3.5,15,model_covered,111.0,1.902857,89.0,师大南路地铁站4号口,BX10020298,1.8364064177010413,133e31ac4492fe85bfb8_20261004T155057697958Z,3,3,3,True,excluded_from_scope,门禁和临时封路不纳入本轮；结果为导航步行模型，公众通行未实地验证
师大南路,写字楼,师大南路_B0L0B5U7X9,地铁文教综合楼,B0L0B5U7X9,B0L0B5U7X9,115.925586,28.67412,api_entrance_coordinate_unverified,excluded_from_scope,category_quota_distance_band_sha256,GCJ-02,other,official_poi_entr_location,67d49f0f73519315149d_20261004T154539063610Z,,地铁文教综合楼入口坐标,https://ditu.amap.com/place/B0L0B5U7X9,primary_1000m,1000,135.26,4.5,10,model_covered,102.0,1.36,82.0,师大南路地铁站2号口,BX10020300,1.1571401260456822,e8922235334076d454df_20261004T155100897452Z,3,3,3,True,excluded_from_scope,门禁和临时封路不纳入本轮；结果为导航步行模型，公众通行未实地验证
师大南路,写字楼,师大南路_B0L0B5U7X9,地铁文教综合楼,B0L0B5U7X9,B0L0B5U7X9,115.925586,28.67412,api_entrance_coordinate_unverified,excluded_from_scope,category_quota_distance_band_sha256,GCJ-02,other,official_poi_entr_location,67d49f0f73519315149d_20261004T154539063610Z,,地铁文教综合楼入口坐标,https://ditu.amap.com/place/B0L0B5U7X9,primary_1000m,1000,135.26,4.5,15,model_covered,102.0,1.36,82.0,师大南路地铁站2号口,BX10020300,1.1571401260456822,e8922235334076d454df_20261004T155100897452Z,3,3,3,True,excluded_from_scope,门禁和临时封路不纳入本轮；结果为导航步行模型，公众通行未实地验证
师大南路,写字楼,师大南路_B0L0B5U7X9,地铁文教综合楼,B0L0B5U7X9,B0L0B5U7X9,115.925586,28.67412,api_entrance_coordinate_unverified,excluded_from_scope,category_quota_distance_band_sha256,GCJ-02,other,official_poi_entr_location,67d49f0f73519315149d_20261004T154539063610Z,,地铁文教综合楼入口坐标,https://ditu.amap.com/place/B0L0B5U7X9,primary_1000m,1000,135.26,3.5,10,model_covered,102.0,1.748571,82.0,师大南路地铁站2号口,BX10020300,1.1571401260456822,e8922235334076d454df_20261004T155100897452Z,3,3,3,True,excluded_from_scope,门禁和临时封路不纳入本轮；结果为导航步行模型，公众通行未实地验证
师大南路,写字楼,师大南路_B0L0B5U7X9,地铁文教综合楼,B0L0B5U7X9,B0L0B5U7X9,115.925586,28.67412,api_entrance_coordinate_unverified,excluded_from_scope,category_quota_distance_band_sha256,GCJ-02,other,official_poi_entr_location,67d49f0f73519315149d_20261004T154539063610Z,,地铁文教综合楼入口坐标,https://ditu.amap.com/place/B0L0B5U7X9,primary_1000m,1000,135.26,3.5,15,model_covered,102.0,1.748571,82.0,师大南路地铁站2号口,BX10020300,1.1571401260456822,e8922235334076d454df_20261004T155100897452Z,3,3,3,True,excluded_from_scope,门禁和临时封路不纳入本轮；结果为导航步行模型，公众通行未实地验证
师大南路,写字楼,师大南路_B031702MUJ,京城大厦(洪都北大道),B031702MUJ,B031702MUJ,115.927683,28.674708,api_entrance_coordinate_unverified,excluded_from_scope,category_quota_distance_band_sha256,GCJ-02,other,official_poi_entr_location,67d49f0f73519315149d_20261004T154539063610Z,,京城大厦(洪都北大道)入口坐标,https://ditu.amap.com/place/B031702MUJ,primary_1000m,1000,347.68,4.5,10,model_covered,390.0,5.2,312.0,师大南路地铁站2号口,BX10020300,1.333666102718037,62779dc6ca1f9d3eed33_20261004T155105780240Z,3,3,3,True,excluded_from_scope,门禁和临时封路不纳入本轮；结果为导航步行模型，公众通行未实地验证
师大南路,写字楼,师大南路_B031702MUJ,京城大厦(洪都北大道),B031702MUJ,B031702MUJ,115.927683,28.674708,api_entrance_coordinate_unverified,excluded_from_scope,category_quota_distance_band_sha256,GCJ-02,other,official_poi_entr_location,67d49f0f73519315149d_20261004T154539063610Z,,京城大厦(洪都北大道)入口坐标,https://ditu.amap.com/place/B031702MUJ,primary_1000m,1000,347.68,4.5,15,model_covered,390.0,5.2,312.0,师大南路地铁站2号口,BX10020300,1.333666102718037,62779dc6ca1f9d3eed33_20261004T155105780240Z,3,3,3,True,excluded_from_scope,门禁和临时封路不纳入本轮；结果为导航步行模型，公众通行未实地验证
师大南路,写字楼,师大南路_B031702MUJ,京城大厦(洪都北大道),B031702MUJ,B031702MUJ,115.927683,28.674708,api_entrance_coordinate_unverified,excluded_from_scope,category_quota_distance_band_sha256,GCJ-02,other,official_poi_entr_location,67d49f0f73519315149d_20261004T154539063610Z,,京城大厦(洪都北大道)入口坐标,https://ditu.amap.com/place/B031702MUJ,primary_1000m,1000,347.68,3.5,10,model_covered,390.0,6.685714,312.0,师大南路地铁站2号口,BX10020300,1.333666102718037,62779dc6ca1f9d3eed33_20261004T155105780240Z,3,3,3,True,excluded_from_scope,门禁和临时封路不纳入本轮；结果为导航步行模型，公众通行未实地验证
师大南路,写字楼,师大南路_B031702MUJ,京城大厦(洪都北大道),B031702MUJ,B031702MUJ,115.927683,28.674708,api_entrance_coordinate_unverified,excluded_from_scope,category_quota_distance_band_sha256,GCJ-02,other,official_poi_entr_location,67d49f0f73519315149d_20261004T154539063610Z,,京城大厦(洪都北大道)入口坐标,https://ditu.amap.com/place/B031702MUJ,primary_1000m,1000,347.68,3.5,15,model_covered,390.0,6.685714,312.0,师大南路地铁站2号口,BX10020300,1.333666102718037,62779dc6ca1f9d3eed33_20261004T155105780240Z,3,3,3,True,excluded_from_scope,门禁和临时封路不纳入本轮；结果为导航步行模型，公众通行未实地验证
师大南路,大学校门,师大南路_B0JBKZMCFR,江西师范大学(青山湖校区),B0JBKZMCFR,B0JBKZMCFR,115.923758,28.674344,campus_api_entrance_unverified,excluded_from_scope,nearest_parent_confirmed_campus_gate_within_selected_radius,GCJ-02,student,campus_api_entrance_unverified,a0ea3d55e1ede6884b40_20261004T154540870739Z,B0JBKZMCFR,江西师范大学(青山湖校区)高德入口字段,https://ditu.amap.com/place/B0JBKZMCFR,primary_1000m,1000,55.43,4.5,10,model_covered,110.0,1.466667,88.0,师大南路地铁站3号口,BX10020299,1.8173242991241707,16f836af79c57117e935_20261004T155113835507Z,3,3,3,True,excluded_from_scope,门禁和临时封路不纳入本轮；结果为导航步行模型，公众通行未实地验证
师大南路,大学校门,师大南路_B0JBKZMCFR,江西师范大学(青山湖校区),B0JBKZMCFR,B0JBKZMCFR,115.923758,28.674344,campus_api_entrance_unverified,excluded_from_scope,nearest_parent_confirmed_campus_gate_within_selected_radius,GCJ-02,student,campus_api_entrance_unverified,a0ea3d55e1ede6884b40_20261004T154540870739Z,B0JBKZMCFR,江西师范大学(青山湖校区)高德入口字段,https://ditu.amap.com/place/B0JBKZMCFR,primary_1000m,1000,55.43,4.5,15,model_covered,110.0,1.466667,88.0,师大南路地铁站3号口,BX10020299,1.8173242991241707,16f836af79c57117e935_20261004T155113835507Z,3,3,3,True,excluded_from_scope,门禁和临时封路不纳入本轮；结果为导航步行模型，公众通行未实地验证
师大南路,大学校门,师大南路_B0JBKZMCFR,江西师范大学(青山湖校区),B0JBKZMCFR,B0JBKZMCFR,115.923758,28.674344,campus_api_entrance_unverified,excluded_from_scope,nearest_parent_confirmed_campus_gate_within_selected_radius,GCJ-02,student,campus_api_entrance_unverified,a0ea3d55e1ede6884b40_20261004T154540870739Z,B0JBKZMCFR,江西师范大学(青山湖校区)高德入口字段,https://ditu.amap.com/place/B0JBKZMCFR,primary_1000m,1000,55.43,3.5,10,model_covered,110.0,1.885714,88.0,师大南路地铁站3号口,BX10020299,1.8173242991241707,16f836af79c57117e935_20261004T155113835507Z,3,3,3,True,excluded_from_scope,门禁和临时封路不纳入本轮；结果为导航步行模型，公众通行未实地验证
师大南路,大学校门,师大南路_B0JBKZMCFR,江西师范大学(青山湖校区),B0JBKZMCFR,B0JBKZMCFR,115.923758,28.674344,campus_api_entrance_unverified,excluded_from_scope,nearest_parent_confirmed_campus_gate_within_selected_radius,GCJ-02,student,campus_api_entrance_unverified,a0ea3d55e1ede6884b40_20261004T154540870739Z,B0JBKZMCFR,江西师范大学(青山湖校区)高德入口字段,https://ditu.amap.com/place/B0JBKZMCFR,primary_1000m,1000,55.43,3.5,15,model_covered,110.0,1.885714,88.0,师大南路地铁站3号口,BX10020299,1.8173242991241707,16f836af79c57117e935_20261004T155113835507Z,3,3,3,True,excluded_from_scope,门禁和临时封路不纳入本轮；结果为导航步行模型，公众通行未实地验证
师大南路,大学校门,师大南路_B0GKLZI43U,江西开放大学(东湖校区),B0GKLZI43U,B0GKLZI43U,115.926914,28.678055,campus_api_entrance_unverified,excluded_from_scope,nearest_parent_confirmed_campus_gate_within_selected_radius,GCJ-02,student,campus_api_entrance_unverified,a0ea3d55e1ede6884b40_20261004T154540870739Z,B0GKLZI43U,江西开放大学(东湖校区)高德入口字段,https://ditu.amap.com/place/B0GKLZI43U,primary_1000m,1000,519.48,4.5,10,model_covered,680.0,9.066667,544.0,师大南路地铁站2号口,BX10020300,1.4591647831751795,b15af8babbc49421bb15_20261004T155115393258Z,3,3,3,True,excluded_from_scope,门禁和临时封路不纳入本轮；结果为导航步行模型，公众通行未实地验证
师大南路,大学校门,师大南路_B0GKLZI43U,江西开放大学(东湖校区),B0GKLZI43U,B0GKLZI43U,115.926914,28.678055,campus_api_entrance_unverified,excluded_from_scope,nearest_parent_confirmed_campus_gate_within_selected_radius,GCJ-02,student,campus_api_entrance_unverified,a0ea3d55e1ede6884b40_20261004T154540870739Z,B0GKLZI43U,江西开放大学(东湖校区)高德入口字段,https://ditu.amap.com/place/B0GKLZI43U,primary_1000m,1000,519.48,4.5,15,model_covered,680.0,9.066667,544.0,师大南路地铁站2号口,BX10020300,1.4591647831751795,b15af8babbc49421bb15_20261004T155115393258Z,3,3,3,True,excluded_from_scope,门禁和临时封路不纳入本轮；结果为导航步行模型，公众通行未实地验证
师大南路,大学校门,师大南路_B0GKLZI43U,江西开放大学(东湖校区),B0GKLZI43U,B0GKLZI43U,115.926914,28.678055,campus_api_entrance_unverified,excluded_from_scope,nearest_parent_confirmed_campus_gate_within_selected_radius,GCJ-02,student,campus_api_entrance_unverified,a0ea3d55e1ede6884b40_20261004T154540870739Z,B0GKLZI43U,江西开放大学(东湖校区)高德入口字段,https://ditu.amap.com/place/B0GKLZI43U,primary_1000m,1000,519.48,3.5,10,model_not_covered,680.0,11.657143,544.0,师大南路地铁站2号口,BX10020300,1.4591647831751795,b15af8babbc49421bb15_20261004T155115393258Z,3,3,3,True,excluded_from_scope,门禁和临时封路不纳入本轮；结果为导航步行模型，公众通行未实地验证
师大南路,大学校门,师大南路_B0GKLZI43U,江西开放大学(东湖校区),B0GKLZI43U,B0GKLZI43U,115.926914,28.678055,campus_api_entrance_unverified,excluded_from_scope,nearest_parent_confirmed_campus_gate_within_selected_radius,GCJ-02,student,campus_api_entrance_unverified,a0ea3d55e1ede6884b40_20261004T154540870739Z,B0GKLZI43U,江西开放大学(东湖校区)高德入口字段,https://ditu.amap.com/place/B0GKLZI43U,primary_1000m,1000,519.48,3.5,15,model_covered,680.0,11.657143,544.0,师大南路地铁站2号口,BX10020300,1.4591647831751795,b15af8babbc49421bb15_20261004T155115393258Z,3,3,3,True,excluded_from_scope,门禁和临时封路不纳入本轮；结果为导航步行模型，公众通行未实地验证
学府大道东,住宅,学府大道东_B03170RNR3,南昌水城艺术村,B03170RNR3,B03170RNR3,115.840879,28.661682,api_entrance_coordinate_unverified,excluded_from_scope,category_quota_distance_band_sha256,GCJ-02,resident,official_poi_entr_location,921dbdf544efe92fd8cb_20261004T154547445413Z,,南昌水城艺术村入口坐标,https://ditu.amap.com/place/B03170RNR3,primary_1000m,1000,320.7,4.5,10,model_covered,364.0,4.853333,291.0,学府大道东地铁站3号口,BX10023334,1.4692433007164452,6959d115c8fe96424260_20261004T155124987333Z,4,4,4,True,excluded_from_scope,门禁和临时封路不纳入本轮；结果为导航步行模型，公众通行未实地验证
学府大道东,住宅,学府大道东_B03170RNR3,南昌水城艺术村,B03170RNR3,B03170RNR3,115.840879,28.661682,api_entrance_coordinate_unverified,excluded_from_scope,category_quota_distance_band_sha256,GCJ-02,resident,official_poi_entr_location,921dbdf544efe92fd8cb_20261004T154547445413Z,,南昌水城艺术村入口坐标,https://ditu.amap.com/place/B03170RNR3,primary_1000m,1000,320.7,4.5,15,model_covered,364.0,4.853333,291.0,学府大道东地铁站3号口,BX10023334,1.4692433007164452,6959d115c8fe96424260_20261004T155124987333Z,4,4,4,True,excluded_from_scope,门禁和临时封路不纳入本轮；结果为导航步行模型，公众通行未实地验证
学府大道东,住宅,学府大道东_B03170RNR3,南昌水城艺术村,B03170RNR3,B03170RNR3,115.840879,28.661682,api_entrance_coordinate_unverified,excluded_from_scope,category_quota_distance_band_sha256,GCJ-02,resident,official_poi_entr_location,921dbdf544efe92fd8cb_20261004T154547445413Z,,南昌水城艺术村入口坐标,https://ditu.amap.com/place/B03170RNR3,primary_1000m,1000,320.7,3.5,10,model_covered,364.0,6.24,291.0,学府大道东地铁站3号口,BX10023334,1.4692433007164452,6959d115c8fe96424260_20261004T155124987333Z,4,4,4,True,excluded_from_scope,门禁和临时封路不纳入本轮；结果为导航步行模型，公众通行未实地验证
学府大道东,住宅,学府大道东_B03170RNR3,南昌水城艺术村,B03170RNR3,B03170RNR3,115.840879,28.661682,api_entrance_coordinate_unverified,excluded_from_scope,category_quota_distance_band_sha256,GCJ-02,resident,official_poi_entr_location,921dbdf544efe92fd8cb_20261004T154547445413Z,,南昌水城艺术村入口坐标,https://ditu.amap.com/place/B03170RNR3,primary_1000m,1000,320.7,3.5,15,model_covered,364.0,6.24,291.0,学府大道东地铁站3号口,BX10023334,1.4692433007164452,6959d115c8fe96424260_20261004T155124987333Z,4,4,4,True,excluded_from_scope,门禁和临时封路不纳入本轮；结果为导航步行模型，公众通行未实地验证
学府大道东,住宅,学府大道东_B0FFG77LML,紫金园小区二期,B03170S5GD,B0FFG77LML,115.834529,28.655267,api_entrance_coordinate_unverified,excluded_from_scope,category_quota_distance_band_sha256,GCJ-02,resident,official_poi_entr_location,921dbdf544efe92fd8cb_20261004T154547445413Z,B0FFG77LML,紫金园小区二期入口坐标,https://ditu.amap.com/place/B03170S5GD,primary_1000m,1000,629.68,4.5,10,model_covered,687.0,9.16,550.0,学府大道东地铁站4号口,BX10023333,1.2708673315959498,442d1f8a93662c632879_20261004T155128494848Z,4,4,4,True,excluded_from_scope,门禁和临时封路不纳入本轮；结果为导航步行模型，公众通行未实地验证
学府大道东,住宅,学府大道东_B0FFG77LML,紫金园小区二期,B03170S5GD,B0FFG77LML,115.834529,28.655267,api_entrance_coordinate_unverified,excluded_from_scope,category_quota_distance_band_sha256,GCJ-02,resident,official_poi_entr_location,921dbdf544efe92fd8cb_20261004T154547445413Z,B0FFG77LML,紫金园小区二期入口坐标,https://ditu.amap.com/place/B03170S5GD,primary_1000m,1000,629.68,4.5,15,model_covered,687.0,9.16,550.0,学府大道东地铁站4号口,BX10023333,1.2708673315959498,442d1f8a93662c632879_20261004T155128494848Z,4,4,4,True,excluded_from_scope,门禁和临时封路不纳入本轮；结果为导航步行模型，公众通行未实地验证
学府大道东,住宅,学府大道东_B0FFG77LML,紫金园小区二期,B03170S5GD,B0FFG77LML,115.834529,28.655267,api_entrance_coordinate_unverified,excluded_from_scope,category_quota_distance_band_sha256,GCJ-02,resident,official_poi_entr_location,921dbdf544efe92fd8cb_20261004T154547445413Z,B0FFG77LML,紫金园小区二期入口坐标,https://ditu.amap.com/place/B03170S5GD,primary_1000m,1000,629.68,3.5,10,model_not_covered,687.0,11.777143,550.0,学府大道东地铁站4号口,BX10023333,1.2708673315959498,442d1f8a93662c632879_20261004T155128494848Z,4,4,4,True,excluded_from_scope,门禁和临时封路不纳入本轮；结果为导航步行模型，公众通行未实地验证
学府大道东,住宅,学府大道东_B0FFG77LML,紫金园小区二期,B03170S5GD,B0FFG77LML,115.834529,28.655267,api_entrance_coordinate_unverified,excluded_from_scope,category_quota_distance_band_sha256,GCJ-02,resident,official_poi_entr_location,921dbdf544efe92fd8cb_20261004T154547445413Z,B0FFG77LML,紫金园小区二期入口坐标,https://ditu.amap.com/place/B03170S5GD,primary_1000m,1000,629.68,3.5,15,model_covered,687.0,11.777143,550.0,学府大道东地铁站4号口,BX10023333,1.2708673315959498,442d1f8a93662c632879_20261004T155128494848Z,4,4,4,True,excluded_from_scope,门禁和临时封路不纳入本轮；结果为导航步行模型，公众通行未实地验证
学府大道东,住宅,学府大道东_B0GRN58PHU,华润悦府,B0GRN58PHU,B0GRN58PHU,115.84442,28.652414,api_entrance_coordinate_unverified,excluded_from_scope,category_quota_distance_band_sha256,GCJ-02,resident,official_poi_entr_location,921dbdf544efe92fd8cb_20261004T154547445413Z,,华润悦府入口坐标,https://ditu.amap.com/place/B0GRN58PHU,primary_1000m,1000,918.65,4.5,10,model_not_covered,1174.0,15.653333,939.0,学府大道东地铁站1号口,BX10023332,1.394414148864426,2aa28bfb25f22cc4e8f7_20261004T155136605657Z,4,4,4,True,excluded_from_scope,门禁和临时封路不纳入本轮；结果为导航步行模型，公众通行未实地验证
学府大道东,住宅,学府大道东_B0GRN58PHU,华润悦府,B0GRN58PHU,B0GRN58PHU,115.84442,28.652414,api_entrance_coordinate_unverified,excluded_from_scope,category_quota_distance_band_sha256,GCJ-02,resident,official_poi_entr_location,921dbdf544efe92fd8cb_20261004T154547445413Z,,华润悦府入口坐标,https://ditu.amap.com/place/B0GRN58PHU,primary_1000m,1000,918.65,4.5,15,model_not_covered,1174.0,15.653333,939.0,学府大道东地铁站1号口,BX10023332,1.394414148864426,2aa28bfb25f22cc4e8f7_20261004T155136605657Z,4,4,4,True,excluded_from_scope,门禁和临时封路不纳入本轮；结果为导航步行模型，公众通行未实地验证
学府大道东,住宅,学府大道东_B0GRN58PHU,华润悦府,B0GRN58PHU,B0GRN58PHU,115.84442,28.652414,api_entrance_coordinate_unverified,excluded_from_scope,category_quota_distance_band_sha256,GCJ-02,resident,official_poi_entr_location,921dbdf544efe92fd8cb_20261004T154547445413Z,,华润悦府入口坐标,https://ditu.amap.com/place/B0GRN58PHU,primary_1000m,1000,918.65,3.5,10,model_not_covered,1174.0,20.125714,939.0,学府大道东地铁站1号口,BX10023332,1.394414148864426,2aa28bfb25f22cc4e8f7_20261004T155136605657Z,4,4,4,True,excluded_from_scope,门禁和临时封路不纳入本轮；结果为导航步行模型，公众通行未实地验证
学府大道东,住宅,学府大道东_B0GRN58PHU,华润悦府,B0GRN58PHU,B0GRN58PHU,115.84442,28.652414,api_entrance_coordinate_unverified,excluded_from_scope,category_quota_distance_band_sha256,GCJ-02,resident,official_poi_entr_location,921dbdf544efe92fd8cb_20261004T154547445413Z,,华润悦府入口坐标,https://ditu.amap.com/place/B0GRN58PHU,primary_1000m,1000,918.65,3.5,15,model_not_covered,1174.0,20.125714,939.0,学府大道东地铁站1号口,BX10023332,1.394414148864426,2aa28bfb25f22cc4e8f7_20261004T155136605657Z,4,4,4,True,excluded_from_scope,门禁和临时封路不纳入本轮；结果为导航步行模型，公众通行未实地验证
学府大道东,住宅,学府大道东_B031705ZEE,绿湖豪城,B031705ZEE,B031705ZEE,115.835906,28.66613,api_entrance_coordinate_unverified,excluded_from_scope,category_quota_distance_band_sha256,GCJ-02,resident,official_poi_entr_location,921dbdf544efe92fd8cb_20261004T154547445413Z,,绿湖豪城入口坐标,https://ditu.amap.com/place/B031705ZEE,primary_1000m,1000,827.53,4.5,10,model_not_covered,1047.0,13.96,838.0,学府大道东地铁站3号口,BX10023334,1.4519145637986806,d4a5eb24ae9492fdd648_20261004T155144684119Z,4,4,4,True,excluded_from_scope,门禁和临时封路不纳入本轮；结果为导航步行模型，公众通行未实地验证
学府大道东,住宅,学府大道东_B031705ZEE,绿湖豪城,B031705ZEE,B031705ZEE,115.835906,28.66613,api_entrance_coordinate_unverified,excluded_from_scope,category_quota_distance_band_sha256,GCJ-02,resident,official_poi_entr_location,921dbdf544efe92fd8cb_20261004T154547445413Z,,绿湖豪城入口坐标,https://ditu.amap.com/place/B031705ZEE,primary_1000m,1000,827.53,4.5,15,model_covered,1047.0,13.96,838.0,学府大道东地铁站3号口,BX10023334,1.4519145637986806,d4a5eb24ae9492fdd648_20261004T155144684119Z,4,4,4,True,excluded_from_scope,门禁和临时封路不纳入本轮；结果为导航步行模型，公众通行未实地验证
学府大道东,住宅,学府大道东_B031705ZEE,绿湖豪城,B031705ZEE,B031705ZEE,115.835906,28.66613,api_entrance_coordinate_unverified,excluded_from_scope,category_quota_distance_band_sha256,GCJ-02,resident,official_poi_entr_location,921dbdf544efe92fd8cb_20261004T154547445413Z,,绿湖豪城入口坐标,https://ditu.amap.com/place/B031705ZEE,primary_1000m,1000,827.53,3.5,10,model_not_covered,1047.0,17.948571,838.0,学府大道东地铁站3号口,BX10023334,1.4519145637986806,d4a5eb24ae9492fdd648_20261004T155144684119Z,4,4,4,True,excluded_from_scope,门禁和临时封路不纳入本轮；结果为导航步行模型，公众通行未实地验证
学府大道东,住宅,学府大道东_B031705ZEE,绿湖豪城,B031705ZEE,B031705ZEE,115.835906,28.66613,api_entrance_coordinate_unverified,excluded_from_scope,category_quota_distance_band_sha256,GCJ-02,resident,official_poi_entr_location,921dbdf544efe92fd8cb_20261004T154547445413Z,,绿湖豪城入口坐标,https://ditu.amap.com/place/B031705ZEE,primary_1000m,1000,827.53,3.5,15,model_not_covered,1047.0,17.948571,838.0,学府大道东地铁站3号口,BX10023334,1.4519145637986806,d4a5eb24ae9492fdd648_20261004T155144684119Z,4,4,4,True,excluded_from_scope,门禁和临时封路不纳入本轮；结果为导航步行模型，公众通行未实地验证
学府大道东,写字楼,学府大道东_B0FFFGLNQL,世贸APM商业街,B0KUFK4TX9,B0FFFGLNQL,115.839102,28.657131,api_entrance_coordinate_unverified,excluded_from_scope,category_quota_distance_band_sha256,GCJ-02,other,official_poi_entr_location,bb9d1e07ce65a6236a5c_20261004T154549129519Z,B0FFFGLNQL,世贸APM商业街入口坐标,https://ditu.amap.com/place/B0KUFK4TX9,primary_1000m,1000,234.96,4.5,10,model_covered,180.0,2.4,144.0,学府大道东地铁站1号口,BX10023332,1.2825287648658015,5e98a2f507e16002fd86_20261004T155149401823Z,4,4,4,True,excluded_from_scope,门禁和临时封路不纳入本轮；结果为导航步行模型，公众通行未实地验证
学府大道东,写字楼,学府大道东_B0FFFGLNQL,世贸APM商业街,B0KUFK4TX9,B0FFFGLNQL,115.839102,28.657131,api_entrance_coordinate_unverified,excluded_from_scope,category_quota_distance_band_sha256,GCJ-02,other,official_poi_entr_location,bb9d1e07ce65a6236a5c_20261004T154549129519Z,B0FFFGLNQL,世贸APM商业街入口坐标,https://ditu.amap.com/place/B0KUFK4TX9,primary_1000m,1000,234.96,4.5,15,model_covered,180.0,2.4,144.0,学府大道东地铁站1号口,BX10023332,1.2825287648658015,5e98a2f507e16002fd86_20261004T155149401823Z,4,4,4,True,excluded_from_scope,门禁和临时封路不纳入本轮；结果为导航步行模型，公众通行未实地验证
学府大道东,写字楼,学府大道东_B0FFFGLNQL,世贸APM商业街,B0KUFK4TX9,B0FFFGLNQL,115.839102,28.657131,api_entrance_coordinate_unverified,excluded_from_scope,category_quota_distance_band_sha256,GCJ-02,other,official_poi_entr_location,bb9d1e07ce65a6236a5c_20261004T154549129519Z,B0FFFGLNQL,世贸APM商业街入口坐标,https://ditu.amap.com/place/B0KUFK4TX9,primary_1000m,1000,234.96,3.5,10,model_covered,180.0,3.085714,144.0,学府大道东地铁站1号口,BX10023332,1.2825287648658015,5e98a2f507e16002fd86_20261004T155149401823Z,4,4,4,True,excluded_from_scope,门禁和临时封路不纳入本轮；结果为导航步行模型，公众通行未实地验证
学府大道东,写字楼,学府大道东_B0FFFGLNQL,世贸APM商业街,B0KUFK4TX9,B0FFFGLNQL,115.839102,28.657131,api_entrance_coordinate_unverified,excluded_from_scope,category_quota_distance_band_sha256,GCJ-02,other,official_poi_entr_location,bb9d1e07ce65a6236a5c_20261004T154549129519Z,B0FFFGLNQL,世贸APM商业街入口坐标,https://ditu.amap.com/place/B0KUFK4TX9,primary_1000m,1000,234.96,3.5,15,model_covered,180.0,3.085714,144.0,学府大道东地铁站1号口,BX10023332,1.2825287648658015,5e98a2f507e16002fd86_20261004T155149401823Z,4,4,4,True,excluded_from_scope,门禁和临时封路不纳入本轮；结果为导航步行模型，公众通行未实地验证
学府大道东,写字楼,学府大道东_B0FFK8E4B0,江西新华发行集团办公大楼,B0FFK8E4B0,B0FFK8E4B0,115.845412,28.659953,api_entrance_coordinate_unverified,excluded_from_scope,category_quota_distance_band_sha256,GCJ-02,other,official_poi_entr_location,bb9d1e07ce65a6236a5c_20261004T154549129519Z,,江西新华发行集团办公大楼入口坐标,https://ditu.amap.com/place/B0FFK8E4B0,primary_1000m,1000,618.67,4.5,10,model_not_covered,833.0,11.106667,666.0,学府大道东地铁站2号口,BX10023335,1.4527853048179034,980b8383750049305ba8_20261004T155152641230Z,4,4,4,True,excluded_from_scope,门禁和临时封路不纳入本轮；结果为导航步行模型，公众通行未实地验证
学府大道东,写字楼,学府大道东_B0FFK8E4B0,江西新华发行集团办公大楼,B0FFK8E4B0,B0FFK8E4B0,115.845412,28.659953,api_entrance_coordinate_unverified,excluded_from_scope,category_quota_distance_band_sha256,GCJ-02,other,official_poi_entr_location,bb9d1e07ce65a6236a5c_20261004T154549129519Z,,江西新华发行集团办公大楼入口坐标,https://ditu.amap.com/place/B0FFK8E4B0,primary_1000m,1000,618.67,4.5,15,model_covered,833.0,11.106667,666.0,学府大道东地铁站2号口,BX10023335,1.4527853048179034,980b8383750049305ba8_20261004T155152641230Z,4,4,4,True,excluded_from_scope,门禁和临时封路不纳入本轮；结果为导航步行模型，公众通行未实地验证
学府大道东,写字楼,学府大道东_B0FFK8E4B0,江西新华发行集团办公大楼,B0FFK8E4B0,B0FFK8E4B0,115.845412,28.659953,api_entrance_coordinate_unverified,excluded_from_scope,category_quota_distance_band_sha256,GCJ-02,other,official_poi_entr_location,bb9d1e07ce65a6236a5c_20261004T154549129519Z,,江西新华发行集团办公大楼入口坐标,https://ditu.amap.com/place/B0FFK8E4B0,primary_1000m,1000,618.67,3.5,10,model_not_covered,833.0,14.28,666.0,学府大道东地铁站2号口,BX10023335,1.4527853048179034,980b8383750049305ba8_20261004T155152641230Z,4,4,4,True,excluded_from_scope,门禁和临时封路不纳入本轮；结果为导航步行模型，公众通行未实地验证
学府大道东,写字楼,学府大道东_B0FFK8E4B0,江西新华发行集团办公大楼,B0FFK8E4B0,B0FFK8E4B0,115.845412,28.659953,api_entrance_coordinate_unverified,excluded_from_scope,category_quota_distance_band_sha256,GCJ-02,other,official_poi_entr_location,bb9d1e07ce65a6236a5c_20261004T154549129519Z,,江西新华发行集团办公大楼入口坐标,https://ditu.amap.com/place/B0FFK8E4B0,primary_1000m,1000,618.67,3.5,15,model_covered,833.0,14.28,666.0,学府大道东地铁站2号口,BX10023335,1.4527853048179034,980b8383750049305ba8_20261004T155152641230Z,4,4,4,True,excluded_from_scope,门禁和临时封路不纳入本轮；结果为导航步行模型，公众通行未实地验证
学府大道东,大学校门,学府大道东_B031704SPE,南昌航空大学(前湖校区),B031704SPE,B031704SPE,115.828786,28.656839,campus_api_entrance_unverified,excluded_from_scope,nearest_parent_confirmed_campus_gate_within_selected_radius,GCJ-02,student,campus_api_entrance_unverified,34492959aa9d287c1695_20261004T154550764887Z,B031704SPE,南昌航空大学(前湖校区)高德入口字段,https://ditu.amap.com/place/B031704SPE,student_gate_extended_radius,1500,1043.47,4.5,10,model_not_covered,1341.0,17.88,1073.0,学府大道东地铁站4号口,BX10023333,1.3927732571324634,f25cf1f7e4a86232bcd8_20261004T155454060750Z,4,4,4,True,excluded_from_scope,门禁和临时封路不纳入本轮；结果为导航步行模型，公众通行未实地验证
学府大道东,大学校门,学府大道东_B031704SPE,南昌航空大学(前湖校区),B031704SPE,B031704SPE,115.828786,28.656839,campus_api_entrance_unverified,excluded_from_scope,nearest_parent_confirmed_campus_gate_within_selected_radius,GCJ-02,student,campus_api_entrance_unverified,34492959aa9d287c1695_20261004T154550764887Z,B031704SPE,南昌航空大学(前湖校区)高德入口字段,https://ditu.amap.com/place/B031704SPE,student_gate_extended_radius,1500,1043.47,4.5,15,model_not_covered,1341.0,17.88,1073.0,学府大道东地铁站4号口,BX10023333,1.3927732571324634,f25cf1f7e4a86232bcd8_20261004T155454060750Z,4,4,4,True,excluded_from_scope,门禁和临时封路不纳入本轮；结果为导航步行模型，公众通行未实地验证
学府大道东,大学校门,学府大道东_B031704SPE,南昌航空大学(前湖校区),B031704SPE,B031704SPE,115.828786,28.656839,campus_api_entrance_unverified,excluded_from_scope,nearest_parent_confirmed_campus_gate_within_selected_radius,GCJ-02,student,campus_api_entrance_unverified,34492959aa9d287c1695_20261004T154550764887Z,B031704SPE,南昌航空大学(前湖校区)高德入口字段,https://ditu.amap.com/place/B031704SPE,student_gate_extended_radius,1500,1043.47,3.5,10,model_not_covered,1341.0,22.988571,1073.0,学府大道东地铁站4号口,BX10023333,1.3927732571324634,f25cf1f7e4a86232bcd8_20261004T155454060750Z,4,4,4,True,excluded_from_scope,门禁和临时封路不纳入本轮；结果为导航步行模型，公众通行未实地验证
学府大道东,大学校门,学府大道东_B031704SPE,南昌航空大学(前湖校区),B031704SPE,B031704SPE,115.828786,28.656839,campus_api_entrance_unverified,excluded_from_scope,nearest_parent_confirmed_campus_gate_within_selected_radius,GCJ-02,student,campus_api_entrance_unverified,34492959aa9d287c1695_20261004T154550764887Z,B031704SPE,南昌航空大学(前湖校区)高德入口字段,https://ditu.amap.com/place/B031704SPE,student_gate_extended_radius,1500,1043.47,3.5,15,model_not_covered,1341.0,22.988571,1073.0,学府大道东地铁站4号口,BX10023333,1.3927732571324634,f25cf1f7e4a86232bcd8_20261004T155454060750Z,4,4,4,True,excluded_from_scope,门禁和临时封路不纳入本轮；结果为导航步行模型，公众通行未实地验证
