station,commuter_group,speed_kmh,threshold_min,samples,model_covered,model_not_covered,unknown,coverage_lower,coverage_upper
八一广场,全部样本,4.5,10,10,8,2,0,0.8,0.8
八一广场,全部样本,4.5,15,10,10,0,0,1.0,1.0
八一广场,全部样本,3.5,10,10,7,3,0,0.7,0.7
八一广场,全部样本,3.5,15,10,9,1,0,0.9,0.9
八一广场,居民通勤,4.5,10,4,3,1,0,0.75,0.75
八一广场,居民通勤,4.5,15,4,4,0,0,1.0,1.0
八一广场,居民通勤,3.5,10,4,3,1,0,0.75,0.75
八一广场,居民通勤,3.5,15,4,3,1,0,0.75,0.75
八一广场,学生通勤,4.5,10,0,0,0,0,,
八一广场,学生通勤,4.5,15,0,0,0,0,,
八一广场,学生通勤,3.5,10,0,0,0,0,,
八一广场,学生通勤,3.5,15,0,0,0,0,,
八一广场,其他目的地,4.5,10,6,5,1,0,0.8333333333333334,0.8333333333333334
八一广场,其他目的地,4.5,15,6,6,0,0,1.0,1.0
八一广场,其他目的地,3.5,10,6,4,2,0,0.6666666666666666,0.6666666666666666
八一广场,其他目的地,3.5,15,6,6,0,0,1.0,1.0
地铁大厦,全部样本,4.5,10,10,8,2,0,0.8,0.8
地铁大厦,全部样本,4.5,15,10,9,1,0,0.9,0.9
地铁大厦,全部样本,3.5,10,10,8,2,0,0.8,0.8
地铁大厦,全部样本,3.5,15,10,8,2,0,0.8,0.8
地铁大厦,居民通勤,4.5,10,4,3,1,0,0.75,0.75
地铁大厦,居民通勤,4.5,15,4,4,0,0,1.0,1.0
地铁大厦,居民通勤,3.5,10,4,3,1,0,0.75,0.75
地铁大厦,居民通勤,3.5,15,4,3,1,0,0.75,0.75
地铁大厦,学生通勤,4.5,10,0,0,0,0,,
地铁大厦,学生通勤,4.5,15,0,0,0,0,,
地铁大厦,学生通勤,3.5,10,0,0,0,0,,
地铁大厦,学生通勤,3.5,15,0,0,0,0,,
地铁大厦,其他目的地,4.5,10,6,5,1,0,0.8333333333333334,0.8333333333333334
地铁大厦,其他目的地,4.5,15,6,5,1,0,0.8333333333333334,0.8333333333333334
地铁大厦,其他目的地,3.5,10,6,5,1,0,0.8333333333333334,0.8333333333333334
地铁大厦,其他目的地,3.5,15,6,5,1,0,0.8333333333333334,0.8333333333333334
瑶湖西,全部样本,4.5,10,4,3,1,0,0.75,0.75
瑶湖西,全部样本,4.5,15,4,3,1,0,0.75,0.75
瑶湖西,全部样本,3.5,10,4,2,2,0,0.5,0.5
瑶湖西,全部样本,3.5,15,4,3,1,0,0.75,0.75
瑶湖西,居民通勤,4.5,10,3,2,1,0,0.6666666666666666,0.6666666666666666
瑶湖西,居民通勤,4.5,15,3,2,1,0,0.6666666666666666,0.6666666666666666
瑶湖西,居民通勤,3.5,10,3,1,2,0,0.3333333333333333,0.3333333333333333
瑶湖西,居民通勤,3.5,15,3,2,1,0,0.6666666666666666,0.6666666666666666
瑶湖西,学生通勤,4.5,10,1,1,0,0,1.0,1.0
瑶湖西,学生通勤,4.5,15,1,1,0,0,1.0,1.0
瑶湖西,学生通勤,3.5,10,1,1,0,0,1.0,1.0
瑶湖西,学生通勤,3.5,15,1,1,0,0,1.0,1.0
瑶湖西,其他目的地,4.5,10,0,0,0,0,,
瑶湖西,其他目的地,4.5,15,0,0,0,0,,
瑶湖西,其他目的地,3.5,10,0,0,0,0,,
瑶湖西,其他目的地,3.5,15,0,0,0,0,,
秋水广场,全部样本,4.5,10,6,4,2,0,0.6666666666666666,0.6666666666666666
秋水广场,全部样本,4.5,15,6,6,0,0,1.0,1.0
秋水广场,全部样本,3.5,10,6,3,3,0,0.5,0.5
秋水广场,全部样本,3.5,15,6,4,2,0,0.6666666666666666,0.6666666666666666
秋水广场,居民通勤,4.5,10,4,2,2,0,0.5,0.5
秋水广场,居民通勤,4.5,15,4,4,0,0,1.0,1.0
秋水广场,居民通勤,3.5,10,4,1,3,0,0.25,0.25
秋水广场,居民通勤,3.5,15,4,2,2,0,0.5,0.5
秋水广场,学生通勤,4.5,10,0,0,0,0,,
秋水广场,学生通勤,4.5,15,0,0,0,0,,
秋水广场,学生通勤,3.5,10,0,0,0,0,,
秋水广场,学生通勤,3.5,15,0,0,0,0,,
秋水广场,其他目的地,4.5,10,2,2,0,0,1.0,1.0
秋水广场,其他目的地,4.5,15,2,2,0,0,1.0,1.0
秋水广场,其他目的地,3.5,10,2,2,0,0,1.0,1.0
秋水广场,其他目的地,3.5,15,2,2,0,0,1.0,1.0
师大南路,全部样本,4.5,10,8,8,0,0,1.0,1.0
师大南路,全部样本,4.5,15,8,8,0,0,1.0,1.0
师大南路,全部样本,3.5,10,8,7,1,0,0.875,0.875
师大南路,全部样本,3.5,15,8,8,0,0,1.0,1.0
师大南路,居民通勤,4.5,10,4,4,0,0,1.0,1.0
师大南路,居民通勤,4.5,15,4,4,0,0,1.0,1.0
师大南路,居民通勤,3.5,10,4,4,0,0,1.0,1.0
师大南路,居民通勤,3.5,15,4,4,0,0,1.0,1.0
师大南路,学生通勤,4.5,10,2,2,0,0,1.0,1.0
师大南路,学生通勤,4.5,15,2,2,0,0,1.0,1.0
师大南路,学生通勤,3.5,10,2,1,1,0,0.5,0.5
师大南路,学生通勤,3.5,15,2,2,0,0,1.0,1.0
师大南路,其他目的地,4.5,10,2,2,0,0,1.0,1.0
师大南路,其他目的地,4.5,15,2,2,0,0,1.0,1.0
师大南路,其他目的地,3.5,10,2,2,0,0,1.0,1.0
师大南路,其他目的地,3.5,15,2,2,0,0,1.0,1.0
学府大道东,全部样本,4.5,10,7,3,4,0,0.42857142857142855,0.42857142857142855
学府大道东,全部样本,4.5,15,7,5,2,0,0.7142857142857143,0.7142857142857143
学府大道东,全部样本,3.5,10,7,2,5,0,0.2857142857142857,0.2857142857142857
学府大道东,全部样本,3.5,15,7,4,3,0,0.5714285714285714,0.5714285714285714
学府大道东,居民通勤,4.5,10,4,2,2,0,0.5,0.5
学府大道东,居民通勤,4.5,15,4,3,1,0,0.75,0.75
学府大道东,居民通勤,3.5,10,4,1,3,0,0.25,0.25
学府大道东,居民通勤,3.5,15,4,2,2,0,0.5,0.5
学府大道东,学生通勤,4.5,10,1,0,1,0,0.0,0.0
学府大道东,学生通勤,4.5,15,1,0,1,0,0.0,0.0
学府大道东,学生通勤,3.5,10,1,0,1,0,0.0,0.0
学府大道东,学生通勤,3.5,15,1,0,1,0,0.0,0.0
学府大道东,其他目的地,4.5,10,2,1,1,0,0.5,0.5
学府大道东,其他目的地,4.5,15,2,2,0,0,1.0,1.0
学府大道东,其他目的地,3.5,10,2,1,1,0,0.5,0.5
学府大道东,其他目的地,3.5,15,2,2,0,0,1.0,1.0
奥体中心,全部样本,4.5,10,8,6,2,0,0.75,0.75
奥体中心,全部样本,4.5,15,8,8,0,0,1.0,1.0
奥体中心,全部样本,3.5,10,8,2,6,0,0.25,0.25
奥体中心,全部样本,3.5,15,8,7,1,0,0.875,0.875
奥体中心,居民通勤,4.5,10,4,2,2,0,0.5,0.5
奥体中心,居民通勤,4.5,15,4,4,0,0,1.0,1.0
奥体中心,居民通勤,3.5,10,4,2,2,0,0.5,0.5
奥体中心,居民通勤,3.5,15,4,3,1,0,0.75,0.75
奥体中心,学生通勤,4.5,10,2,2,0,0,1.0,1.0
奥体中心,学生通勤,4.5,15,2,2,0,0,1.0,1.0
奥体中心,学生通勤,3.5,10,2,0,2,0,0.0,0.0
奥体中心,学生通勤,3.5,15,2,2,0,0,1.0,1.0
奥体中心,其他目的地,4.5,10,2,2,0,0,1.0,1.0
奥体中心,其他目的地,4.5,15,2,2,0,0,1.0,1.0
奥体中心,其他目的地,3.5,10,2,0,2,0,0.0,0.0
奥体中心,其他目的地,3.5,15,2,2,0,0,1.0,1.0
谢家村,全部样本,4.5,10,8,8,0,0,1.0,1.0
谢家村,全部样本,4.5,15,8,8,0,0,1.0,1.0
谢家村,全部样本,3.5,10,8,8,0,0,1.0,1.0
谢家村,全部样本,3.5,15,8,8,0,0,1.0,1.0
谢家村,居民通勤,4.5,10,4,4,0,0,1.0,1.0
谢家村,居民通勤,4.5,15,4,4,0,0,1.0,1.0
谢家村,居民通勤,3.5,10,4,4,0,0,1.0,1.0
谢家村,居民通勤,3.5,15,4,4,0,0,1.0,1.0
谢家村,学生通勤,4.5,10,2,2,0,0,1.0,1.0
谢家村,学生通勤,4.5,15,2,2,0,0,1.0,1.0
谢家村,学生通勤,3.5,10,2,2,0,0,1.0,1.0
谢家村,学生通勤,3.5,15,2,2,0,0,1.0,1.0
谢家村,其他目的地,4.5,10,2,2,0,0,1.0,1.0
谢家村,其他目的地,4.5,15,2,2,0,0,1.0,1.0
谢家村,其他目的地,3.5,10,2,2,0,0,1.0,1.0
谢家村,其他目的地,3.5,15,2,2,0,0,1.0,1.0
双港,全部样本,4.5,10,8,6,2,0,0.75,0.75
双港,全部样本,4.5,15,8,8,0,0,1.0,1.0
双港,全部样本,3.5,10,8,3,5,0,0.375,0.375
双港,全部样本,3.5,15,8,6,2,0,0.75,0.75
双港,居民通勤,4.5,10,4,3,1,0,0.75,0.75
双港,居民通勤,4.5,15,4,4,0,0,1.0,1.0
双港,居民通勤,3.5,10,4,2,2,0,0.5,0.5
双港,居民通勤,3.5,15,4,3,1,0,0.75,0.75
双港,学生通勤,4.5,10,2,2,0,0,1.0,1.0
双港,学生通勤,4.5,15,2,2,0,0,1.0,1.0
双港,学生通勤,3.5,10,2,0,2,0,0.0,0.0
双港,学生通勤,3.5,15,2,2,0,0,1.0,1.0
双港,其他目的地,4.5,10,2,1,1,0,0.5,0.5
双港,其他目的地,4.5,15,2,2,0,0,1.0,1.0
双港,其他目的地,3.5,10,2,1,1,0,0.5,0.5
双港,其他目的地,3.5,15,2,1,1,0,0.5,0.5
