station,campus_poi_id,campus_name,campus_center_distance_m,campus_entrance_field,campus_entrance_distance_m,independent_parent_matched_gate_candidates,gate_search_returned,bus_stop_not_gate_count,in_primary_1000m_frame,review_basis,selected,selected_extended_radius
师大南路,B0JBKZMCFR,江西师范大学(青山湖校区),351.94,"115.923758,28.674344",55.43,0,25,0,True,大学父POI入口字段是校区入口代理；不使用公交站或内部学院点；尚未现场确认校门,True,False
师大南路,B0GKLZI43U,江西开放大学(东湖校区),469.78,"115.926914,28.678055",519.48,0,1,0,True,大学父POI入口字段是校区入口代理；不使用公交站或内部学院点；尚未现场确认校门,True,False
师大南路,B031704Q8U,江西水利电力大学(彭桥校区),1088.26,"115.933724,28.674556",930.66,0,21,0,True,大学父POI入口字段是校区入口代理；不使用公交站或内部学院点；尚未现场确认校门,False,False
师大南路,B0317042KW,南昌大学(青山湖校区北区),1750.58,"115.937276,28.681951",1549.66,0,25,1,False,大学父POI入口字段是校区入口代理；不使用公交站或内部学院点；尚未现场确认校门,False,False
学府大道东,B031704SPE,南昌航空大学(前湖校区),1522.7,"115.828786,28.656839",1043.47,0,75,5,False,大学父POI入口字段是校区入口代理；不使用公交站或内部学院点；尚未现场确认校门,True,True
奥体中心,B03170TY5K,江西师范大学(瑶湖校区),876.4,"116.032698,28.673759",781.39,0,25,0,True,大学父POI入口字段是校区入口代理；不使用公交站或内部学院点；尚未现场确认校门,True,False
奥体中心,B0317062QC,江西科技学院,924.41,"116.017712,28.675324",691.13,0,25,1,True,大学父POI入口字段是校区入口代理；不使用公交站或内部学院点；尚未现场确认校门,True,False
谢家村,B0H3AMCB3I,江西信息应用职业技术学院(青山湖校区),243.19,"115.940608,28.67639",237.11,0,1,0,True,大学父POI入口字段是校区入口代理；不使用公交站或内部学院点；尚未现场确认校门,True,False
谢家村,B03170U58X,南昌大学(青山湖校区南区),582.21,"115.942732,28.677559",417.25,0,25,1,True,大学父POI入口字段是校区入口代理；不使用公交站或内部学院点；尚未现场确认校门,True,False
谢家村,B031704Q8U,江西水利电力大学(彭桥校区),595.28,"115.933724,28.674556",680.98,0,21,0,False,大学父POI入口字段是校区入口代理；不使用公交站或内部学院点；尚未现场确认校门,False,False
谢家村,B03170S2KZ,山西传媒学院江西教学站,624.81,,,0,1,0,False,大学父POI入口字段是校区入口代理；不使用公交站或内部学院点；尚未现场确认校门,False,False
谢家村,B03170TXS8,南昌大学青山湖校区南区工程训练中心,640.04,"115.946642,28.675608",599.16,0,1,0,False,大学父POI入口字段是校区入口代理；不使用公交站或内部学院点；尚未现场确认校门,False,False
谢家村,B03170TY01,南昌大学科技学院网络中心,644.9,"115.946645,28.675609",599.47,0,2,0,False,大学父POI入口字段是校区入口代理；不使用公交站或内部学院点；尚未现场确认校门,False,False
双港,B031704QFV,江西财经大学(蛟桥园校区),603.15,"115.85445,28.743152",652.24,0,25,0,True,大学父POI入口字段是校区入口代理；不使用公交站或内部学院点；尚未现场确认校门,True,False
双港,B0317002E7,江西交通职业技术学院(经开区校区),883.99,"115.860691,28.730422",1413.3,0,25,0,False,大学父POI入口字段是校区入口代理；不使用公交站或内部学院点；尚未现场确认校门,False,False
双港,B0FFH5YTMB,华东交通大学(双港东校区),1015.26,"115.868503,28.743155",717.86,0,25,1,True,大学父POI入口字段是校区入口代理；不使用公交站或内部学院点；尚未现场确认校门,True,False
万寿宫,B0LBS5Q64M,江西师范高等专科学校护理与视光学院实习就业基地,415.92,"115.889200,28.677527",422.36,0,1,0,True,大学父POI入口字段是校区入口代理；不使用公交站或内部学院点；尚未现场确认校门,True,False
万寿宫,B031700597,江西行政学院,1725.7,"115.903277,28.669646",1801.55,0,11,1,False,大学父POI入口字段是校区入口代理；不使用公交站或内部学院点；尚未现场确认校门,False,False
万寿宫,B031701ST6,江西中医药大学(阳明校区),1821.27,"115.899195,28.687583",1901.94,0,12,0,False,大学父POI入口字段是校区入口代理；不使用公交站或内部学院点；尚未现场确认校门,False,False
万寿宫,B031704Q8S,南昌大学江西医学院,2182.87,"115.903597,28.683647",1972.92,0,25,0,False,大学父POI入口字段是校区入口代理；不使用公交站或内部学院点；尚未现场确认校门,False,False
八一馆,B0LBS5Q64M,江西师范高等专科学校护理与视光学院实习就业基地,300.96,"115.889200,28.677527",307.41,0,1,0,True,大学父POI入口字段是校区入口代理；不使用公交站或内部学院点；尚未现场确认校门,True,False
八一馆,B031700597,江西行政学院,1246.51,"115.903277,28.669646",1327.41,0,11,1,False,大学父POI入口字段是校区入口代理；不使用公交站或内部学院点；尚未现场确认校门,True,True
八一馆,B031701ST6,江西中医药大学(阳明校区),1438.87,"115.899195,28.687583",1522.53,0,12,0,False,大学父POI入口字段是校区入口代理；不使用公交站或内部学院点；尚未现场确认校门,False,False
八一馆,B031704Q8S,南昌大学江西医学院,1672.23,"115.903597,28.683647",1475.23,0,25,0,False,大学父POI入口字段是校区入口代理；不使用公交站或内部学院点；尚未现场确认校门,False,False
南昌西站,B0LUNZVSBQ,中航飞行学院,1801.0,"115.79671865584436,28.607490129750666",1802.58,0,1,0,False,大学父POI入口字段是校区入口代理；不使用公交站或内部学院点；尚未现场确认校门,False,False
南昌西站,B031704UAE,江西飞行学院(南昌校区),1818.91,"115.80001,28.636787",1620.67,0,24,0,False,大学父POI入口字段是校区入口代理；不使用公交站或内部学院点；尚未现场确认校门,False,False
滕王阁,B0LBS5Q64M,江西师范高等专科学校护理与视光学院实习就业基地,1204.44,"115.889200,28.677527",1208.43,0,1,0,False,大学父POI入口字段是校区入口代理；不使用公交站或内部学院点；尚未现场确认校门,True,True
滕王阁,B031704Q8S,南昌大学江西医学院,2983.54,"115.903597,28.683647",2768.16,0,25,0,False,大学父POI入口字段是校区入口代理；不使用公交站或内部学院点；尚未现场确认校门,False,False
南昌火车站,B0FFG7STDH,华东交通大学研究生教育创新基地,214.11,"115.921693,28.665026",214.05,0,1,0,True,大学父POI入口字段是校区入口代理；不使用公交站或内部学院点；尚未现场确认校门,True,False
南昌火车站,B031704EF4,江西制造学院(科研校区),1278.16,"115.913373,28.672614",1290.16,0,1,0,False,大学父POI入口字段是校区入口代理；不使用公交站或内部学院点；尚未现场确认校门,True,True
南昌火车站,B0FFFFWKJ9,江西师范大学MBA教育中心,1290.25,"115.922807,28.674805",1303.69,0,2,0,False,大学父POI入口字段是校区入口代理；不使用公交站或内部学院点；尚未现场确认校门,False,False
南昌火车站,B0LKCZ1KF0,江西师范大学人工智能学院,1383.7,"115.923605,28.675282",1368.2,0,2,0,False,大学父POI入口字段是校区入口代理；不使用公交站或内部学院点；尚未现场确认校门,False,False
南昌火车站,B0FFLI7BIM,江西师范大学软件学院,1385.08,"115.924439,28.675102",1365.78,0,3,0,False,大学父POI入口字段是校区入口代理；不使用公交站或内部学院点；尚未现场确认校门,False,False
南昌火车站,B0FFI3YHKO,江西师范大学科技园文化创意产业指导中心,1433.33,"115.925097,28.675549",1430.36,0,1,0,False,大学父POI入口字段是校区入口代理；不使用公交站或内部学院点；尚未现场确认校门,False,False
卫东,B031700319,南昌交通学院(黄家湖校区),2310.4,"115.826341,28.708418",2948.09,0,25,0,False,大学父POI入口字段是校区入口代理；不使用公交站或内部学院点；尚未现场确认校门,False,False
银三角北,B0317050PA,江西建设职业技术学院(昌南校区),1254.16,"115.945464,28.523574",1079.32,0,2,0,False,大学父POI入口字段是校区入口代理；不使用公交站或内部学院点；尚未现场确认校门,True,True
阳明公园,B031701ST6,江西中医药大学(阳明校区),741.28,"115.899195,28.687583",772.59,0,12,0,True,大学父POI入口字段是校区入口代理；不使用公交站或内部学院点；尚未现场确认校门,True,False
阳明公园,B0LBS5Q64M,江西师范高等专科学校护理与视光学院实习就业基地,1186.93,"115.889200,28.677527",1177.15,0,1,0,False,大学父POI入口字段是校区入口代理；不使用公交站或内部学院点；尚未现场确认校门,True,True
阳明公园,B031704Q8S,南昌大学江西医学院,1500.62,"115.903597,28.683647",1292.88,0,25,0,False,大学父POI入口字段是校区入口代理；不使用公交站或内部学院点；尚未现场确认校门,False,False
阳明公园,B0M2265WXR,南昌大学第一临床医学院,1767.16,,,0,4,0,False,大学父POI入口字段是校区入口代理；不使用公交站或内部学院点；尚未现场确认校门,False,False
丁公路北,B031704EF4,江西制造学院(科研校区),150.1,"115.913373,28.672614",146.72,0,1,0,True,大学父POI入口字段是校区入口代理；不使用公交站或内部学院点；尚未现场确认校门,True,False
丁公路北,B0FFL8CIA7,江西师范大学科学技术学院征兵工作站,923.02,"115.922496,28.675938",921.4,0,1,0,True,大学父POI入口字段是校区入口代理；不使用公交站或内部学院点；尚未现场确认校门,True,False
丁公路北,B0FFFFWKJ9,江西师范大学MBA教育中心,934.65,"115.922807,28.674805",929.44,0,2,0,False,大学父POI入口字段是校区入口代理；不使用公交站或内部学院点；尚未现场确认校门,False,False
丁公路北,B0MG2KZBJB,江西师范大学青山湖校区(北区),955.63,"115.921689,28.678650",969.43,0,25,1,False,大学父POI入口字段是校区入口代理；不使用公交站或内部学院点；尚未现场确认校门,False,False
丁公路北,B0JBKZMCFR,江西师范大学(青山湖校区),992.49,"115.923758,28.674344",1018.17,0,25,0,False,大学父POI入口字段是校区入口代理；不使用公交站或内部学院点；尚未现场确认校门,False,False
丁公路北,B0LKCZ1KF0,江西师范大学人工智能学院,1034.78,"115.923605,28.675282",1013.38,0,2,0,False,大学父POI入口字段是校区入口代理；不使用公交站或内部学院点；尚未现场确认校门,False,False
太子殿,B0LKHSPORP,江西科技学院马克思主义学院,419.81,"116.015459,28.676839",462.46,0,3,0,True,大学父POI入口字段是校区入口代理；不使用公交站或内部学院点；尚未现场确认校门,True,False
太子殿,B0K1TSR9NN,江西科技学院博雅国际学院,655.01,"116.015993,28.679293",667.27,0,2,0,False,大学父POI入口字段是校区入口代理；不使用公交站或内部学院点；尚未现场确认校门,False,False
太子殿,B0317062QC,江西科技学院,847.96,"116.017712,28.675324",636.15,0,25,1,True,大学父POI入口字段是校区入口代理；不使用公交站或内部学院点；尚未现场确认校门,True,False
太子殿,B0317060HT,江西制造职业技术学院,919.61,"116.003480,28.674541",755.05,0,25,2,False,大学父POI入口字段是校区入口代理；不使用公交站或内部学院点；尚未现场确认校门,False,False
太子殿,B0L0JXGX0I,江西制造职业技术学院(艾溪湖校区3栋),1071.29,,,0,3,0,False,大学父POI入口字段是校区入口代理；不使用公交站或内部学院点；尚未现场确认校门,False,False
太子殿,B0M1MGCE19,江西现代职业技术学院智能制造学院,1153.44,,,0,2,0,False,大学父POI入口字段是校区入口代理；不使用公交站或内部学院点；尚未现场确认校门,False,False
艾溪湖东,B0M1MGCE19,江西现代职业技术学院智能制造学院,618.94,,,0,2,0,False,大学父POI入口字段是校区入口代理；不使用公交站或内部学院点；尚未现场确认校门,False,False
艾溪湖东,B0LUSU273T,瑶湖现代学院,654.2,"115.993503,28.668498",689.3,0,3,0,True,大学父POI入口字段是校区入口代理；不使用公交站或内部学院点；尚未现场确认校门,True,False
艾溪湖东,B031704YQT,江西现代职业技术学院(艾溪湖校区),688.32,"115.998717,28.667758",924.93,0,21,0,False,大学父POI入口字段是校区入口代理；不使用公交站或内部学院点；尚未现场确认校门,False,False
艾溪湖东,B03170S68H,中锐汽车学院,832.44,"116.000354,28.670622",808.63,0,3,0,True,大学父POI入口字段是校区入口代理；不使用公交站或内部学院点；尚未现场确认校门,True,False
艾溪湖东,B0LDDR41PX,艾溪湖现代学院,856.7,"115.988251,28.668410",865.95,0,25,2,False,大学父POI入口字段是校区入口代理；不使用公交站或内部学院点；尚未现场确认校门,False,False
艾溪湖东,B0L0JXGX0I,江西制造职业技术学院(艾溪湖校区3栋),923.73,,,0,3,0,False,大学父POI入口字段是校区入口代理；不使用公交站或内部学院点；尚未现场确认校门,False,False
西站南广场,B0LUNZVSBQ,中航飞行学院,1350.88,"115.79671865584436,28.607490129750666",1353.43,0,1,0,False,大学父POI入口字段是校区入口代理；不使用公交站或内部学院点；尚未现场确认校门,True,True
高新大道,B0FFHKWMSP,江西工商专修学院,838.65,"115.952571,28.677331",828.01,0,25,1,True,大学父POI入口字段是校区入口代理；不使用公交站或内部学院点；尚未现场确认校门,True,False
高新大道,B031701M9F,南昌师范学院青山湖校区,986.57,"115.952430,28.677341",841.12,0,25,0,True,大学父POI入口字段是校区入口代理；不使用公交站或内部学院点；尚未现场确认校门,True,False
高新大道,B0H1FZE0PW,江西行政学院(南京东路校区),1096.17,"115.953118,28.681879",1090.76,0,2,0,False,大学父POI入口字段是校区入口代理；不使用公交站或内部学院点；尚未现场确认校门,False,False
高新大道,B03170TY01,南昌大学科技学院网络中心,1308.46,"115.946645,28.675609",1346.9,0,2,0,False,大学父POI入口字段是校区入口代理；不使用公交站或内部学院点；尚未现场确认校门,False,False
高新大道,B03170TXS8,南昌大学青山湖校区南区工程训练中心,1312.0,"115.946642,28.675608",1347.18,0,1,0,False,大学父POI入口字段是校区入口代理；不使用公交站或内部学院点；尚未现场确认校门,False,False
高新大道,B03170U58X,南昌大学(青山湖校区南区),1565.22,"115.942732,28.677559",1757.1,0,25,1,False,大学父POI入口字段是校区入口代理；不使用公交站或内部学院点；尚未现场确认校门,False,False
青山路口,B031701ST6,江西中医药大学(阳明校区),275.73,"115.899195,28.687583",260.05,0,12,0,True,大学父POI入口字段是校区入口代理；不使用公交站或内部学院点；尚未现场确认校门,True,False
青山路口,B031704Q8S,南昌大学江西医学院,521.56,"115.903597,28.683647",377.96,0,25,0,True,大学父POI入口字段是校区入口代理；不使用公交站或内部学院点；尚未现场确认校门,True,False
青山路口,B0M2265WXR,南昌大学第一临床医学院,751.64,,,0,4,0,False,大学父POI入口字段是校区入口代理；不使用公交站或内部学院点；尚未现场确认校门,False,False
青山路口,B0FFI13TDE,喉串烧烤学院(福州路店),1027.53,,,0,1,0,False,大学父POI入口字段是校区入口代理；不使用公交站或内部学院点；尚未现场确认校门,False,False
青山路口,B0LBS5Q64M,江西师范高等专科学校护理与视光学院实习就业基地,1577.53,"115.889200,28.677527",1571.03,0,1,0,False,大学父POI入口字段是校区入口代理；不使用公交站或内部学院点；尚未现场确认校门,False,False
青山路口,B0FFI951W3,江西师范大学大学生就业指导工作站,1716.49,"115.91877538068337,28.6898159396113",1715.24,0,2,0,False,大学父POI入口字段是校区入口代理；不使用公交站或内部学院点；尚未现场确认校门,False,False
丁公路南,B0FFG7STDH,华东交通大学研究生教育创新基地,931.46,"115.921693,28.665026",926.38,0,1,0,True,大学父POI入口字段是校区入口代理；不使用公交站或内部学院点；尚未现场确认校门,True,False
丁公路南,B031704EF4,江西制造学院(科研校区),1046.93,"115.913373,28.672614",1046.92,0,1,0,False,大学父POI入口字段是校区入口代理；不使用公交站或内部学院点；尚未现场确认校门,True,True
丁公路南,B031700597,江西行政学院,1224.78,"115.903277,28.669646",1141.83,0,11,1,False,大学父POI入口字段是校区入口代理；不使用公交站或内部学院点；尚未现场确认校门,False,False
丁公路南,B0FFFFWKJ9,江西师范大学MBA教育中心,1630.44,"115.922807,28.674805",1637.63,0,2,0,False,大学父POI入口字段是校区入口代理；不使用公交站或内部学院点；尚未现场确认校门,False,False
丁公路南,B0FFL8CIA7,江西师范大学科学技术学院征兵工作站,1731.55,"115.922496,28.675938",1720.83,0,1,0,False,大学父POI入口字段是校区入口代理；不使用公交站或内部学院点；尚未现场确认校门,False,False
丁公路南,B0LKCZ1KF0,江西师范大学人工智能学院,1749.54,"115.923605,28.675282",1727.7,0,2,0,False,大学父POI入口字段是校区入口代理；不使用公交站或内部学院点；尚未现场确认校门,False,False
鱼尾洲,B031705HE7,江西省科学院,1685.75,"115.998421,28.694255",1742.73,0,25,2,False,大学父POI入口字段是校区入口代理；不使用公交站或内部学院点；尚未现场确认校门,False,False
复兴大道东,B031704UNY,江西信息应用职业技术学院,1288.16,"115.907250,28.587826",1398.02,0,23,0,False,大学父POI入口字段是校区入口代理；不使用公交站或内部学院点；尚未现场确认校门,True,True
复兴大道东,B0G3MU0QGQ,星瑜伽商学院,1772.67,"115.92513,28.565026",1752.31,0,1,0,False,大学父POI入口字段是校区入口代理；不使用公交站或内部学院点；尚未现场确认校门,False,False
辛家庵,B0FFHSSAQJ,南昌航空大学(上海路校区),534.62,"115.939840,28.655629",413.15,0,25,0,True,大学父POI入口字段是校区入口代理；不使用公交站或内部学院点；尚未现场确认校门,True,False
辛家庵,B0MUDLJHEG,南昌航空大学文法学院,580.68,,,0,3,0,False,大学父POI入口字段是校区入口代理；不使用公交站或内部学院点；尚未现场确认校门,False,False
辛家庵,B0FFFOGLQ3,南昌航空大学上海路校区3教学楼,766.44,"115.943971,28.655776",584.12,0,2,0,True,大学父POI入口字段是校区入口代理；不使用公交站或内部学院点；尚未现场确认校门,True,False
辛家庵,B0FFH6SY87,江西制造职业技术学院(上海路校区),1156.61,"115.937262,28.649309",1137.58,0,1,0,False,大学父POI入口字段是校区入口代理；不使用公交站或内部学院点；尚未现场确认校门,False,False
辛家庵,B0MABCSKA3,江西现代技师学院一体化教学中心,1562.24,"115.95548756,28.65966056",1553.53,0,1,0,False,大学父POI入口字段是校区入口代理；不使用公交站或内部学院点；尚未现场确认校门,False,False
辛家庵,B0FFG7STDH,华东交通大学研究生教育创新基地,1849.62,"115.921693,28.665026",1855.42,0,1,0,False,大学父POI入口字段是校区入口代理；不使用公交站或内部学院点；尚未现场确认校门,False,False
龙岗,B031704UAE,江西飞行学院(南昌校区),1686.74,"115.80001,28.636787",1542.75,0,24,0,False,大学父POI入口字段是校区入口代理；不使用公交站或内部学院点；尚未现场确认校门,False,False
龙岗,B0LUNZVSBQ,中航飞行学院,1847.32,"115.79671865584436,28.607490129750666",1846.83,0,1,0,False,大学父POI入口字段是校区入口代理；不使用公交站或内部学院点；尚未现场确认校门,False,False
十字街,B0KDXC0NZA,江西开放大学(西湖校区),977.81,,,0,8,0,False,大学父POI入口字段是校区入口代理；不使用公交站或内部学院点；尚未现场确认校门,False,False
十字街,B0LKS1K1R0,江西省医学科学院,1806.75,"115.918055,28.641844",1793.23,0,16,0,False,大学父POI入口字段是校区入口代理；不使用公交站或内部学院点；尚未现场确认校门,False,False
十字街,B031700597,江西行政学院,1835.2,"115.903277,28.669646",1769.33,0,11,1,False,大学父POI入口字段是校区入口代理；不使用公交站或内部学院点；尚未现场确认校门,False,False
十字街,B0FFG7STDH,华东交通大学研究生教育创新基地,1984.27,"115.921693,28.665026",1980.97,0,1,0,False,大学父POI入口字段是校区入口代理；不使用公交站或内部学院点；尚未现场确认校门,False,False
十字街,B031704Q8S,南昌大学江西医学院,3326.74,"115.903597,28.683647",3315.63,0,25,0,False,大学父POI入口字段是校区入口代理；不使用公交站或内部学院点；尚未现场确认校门,False,False
李巷,B0FFFOGLQ3,南昌航空大学上海路校区3教学楼,1704.77,"115.943971,28.655776",1880.27,0,2,0,False,大学父POI入口字段是校区入口代理；不使用公交站或内部学院点；尚未现场确认校门,False,False
李巷,B0MABCSKA3,江西现代技师学院一体化教学中心,1764.0,"115.95548756,28.65966056",1757.95,0,1,0,False,大学父POI入口字段是校区入口代理；不使用公交站或内部学院点；尚未现场确认校门,False,False
李巷,B0FFHSSAQJ,南昌航空大学(上海路校区),1931.6,"115.939840,28.655629",2177.47,0,25,0,False,大学父POI入口字段是校区入口代理；不使用公交站或内部学院点；尚未现场确认校门,False,False
李巷,B0MUDLJHEG,南昌航空大学文法学院,1970.31,,,0,3,0,False,大学父POI入口字段是校区入口代理；不使用公交站或内部学院点；尚未现场确认校门,False,False
李巷,B0FFH6SY87,江西制造职业技术学院(上海路校区),1981.48,"115.937262,28.649309",2087.73,0,1,0,False,大学父POI入口字段是校区入口代理；不使用公交站或内部学院点；尚未现场确认校门,False,False
庐山南大道,B0HRZDMVHB,南昌教育学院,1696.97,"115.853366,28.711836",1668.88,0,25,1,False,大学父POI入口字段是校区入口代理；不使用公交站或内部学院点；尚未现场确认校门,False,False
庐山南大道,B0317056C9,江西电信学院(东北门),1697.9,"115.853580,28.712400",1698.48,0,8,0,False,大学父POI入口字段是校区入口代理；不使用公交站或内部学院点；尚未现场确认校门,False,False
庐山南大道,B0KR7ZH3PG,江西考否职教集团产业学院(总校区),1701.7,"115.853808,28.712206",1667.51,0,1,0,False,大学父POI入口字段是校区入口代理；不使用公交站或内部学院点；尚未现场确认校门,False,False
中堡,B0MDYUUK6V,南昌工学院机械与车辆工程学院,1264.29,,,0,1,0,False,大学父POI入口字段是校区入口代理；不使用公交站或内部学院点；尚未现场确认校门,False,False
中堡,B0HRBSWQV8,南昌应用技术师范学院(九龙湖校区),1275.52,"115.753875,28.613784",1060.92,0,8,0,False,大学父POI入口字段是校区入口代理；不使用公交站或内部学院点；尚未现场确认校门,True,True
中堡,B031704SZJ,南昌工学院,1589.38,"115.758118,28.6141",1128.4,0,25,4,False,大学父POI入口字段是校区入口代理；不使用公交站或内部学院点；尚未现场确认校门,True,True
中堡,B0JDHUBT2L,南昌工学院创新楼,1629.39,"115.758507,28.609583",1609.89,0,25,3,False,大学父POI入口字段是校区入口代理；不使用公交站或内部学院点；尚未现场确认校门,False,False
中堡,B0J1B5QDS9,南昌工学院体育与健康学院,1856.85,"115.758618,28.607061",1880.88,0,1,0,False,大学父POI入口字段是校区入口代理；不使用公交站或内部学院点；尚未现场确认校门,False,False
礼庄山,B0MDYUUK6V,南昌工学院机械与车辆工程学院,1991.32,,,0,1,0,False,大学父POI入口字段是校区入口代理；不使用公交站或内部学院点；尚未现场确认校门,False,False
礼庄山,B031704SZJ,南昌工学院,2029.45,"115.758118,28.6141",1834.74,0,25,4,False,大学父POI入口字段是校区入口代理；不使用公交站或内部学院点；尚未现场确认校门,False,False
八大山人,B031702IOX,江西管理职业学院(梅湖校区),283.93,"115.907206,28.602365",136.22,0,2,0,True,大学父POI入口字段是校区入口代理；不使用公交站或内部学院点；尚未现场确认校门,True,False
八大山人,B031704UNY,江西信息应用职业技术学院,1779.47,"115.907250,28.587826",1558.78,0,23,0,False,大学父POI入口字段是校区入口代理；不使用公交站或内部学院点；尚未现场确认校门,False,False
绳金塔,B0KDXC0NZA,江西开放大学(西湖校区),970.44,,,0,8,0,False,大学父POI入口字段是校区入口代理；不使用公交站或内部学院点；尚未现场确认校门,False,False
绳金塔,B031700597,江西行政学院,1330.86,"115.903277,28.669646",1281.13,0,11,1,False,大学父POI入口字段是校区入口代理；不使用公交站或内部学院点；尚未现场确认校门,True,True
绳金塔,B031704EF4,江西制造学院(科研校区),1988.13,"115.913373,28.672614",1978.75,0,1,0,False,大学父POI入口字段是校区入口代理；不使用公交站或内部学院点；尚未现场确认校门,False,False
绳金塔,B031704Q8S,南昌大学江西医学院,2877.24,"115.903597,28.683647",2833.03,0,25,0,False,大学父POI入口字段是校区入口代理；不使用公交站或内部学院点；尚未现场确认校门,False,False
六眼井,B031700597,江西行政学院,852.7,"115.903277,28.669646",912.22,0,11,1,True,大学父POI入口字段是校区入口代理；不使用公交站或内部学院点；尚未现场确认校门,True,False
六眼井,B0LBS5Q64M,江西师范高等专科学校护理与视光学院实习就业基地,969.11,"115.889200,28.677527",977.74,0,1,0,True,大学父POI入口字段是校区入口代理；不使用公交站或内部学院点；尚未现场确认校门,True,False
六眼井,B031704EF4,江西制造学院(科研校区),1940.89,"115.913373,28.672614",1923.18,0,1,0,False,大学父POI入口字段是校区入口代理；不使用公交站或内部学院点；尚未现场确认校门,False,False
六眼井,B031704Q8S,南昌大学江西医学院,1951.11,"115.903597,28.683647",1808.15,0,25,0,False,大学父POI入口字段是校区入口代理；不使用公交站或内部学院点；尚未现场确认校门,False,False
六眼井,B031701ST6,江西中医药大学(阳明校区),1964.52,"115.899195,28.687583",2045.85,0,12,0,False,大学父POI入口字段是校区入口代理；不使用公交站或内部学院点；尚未现场确认校门,False,False
沥山,B0G3MU0QGQ,星瑜伽商学院,1295.36,"115.92513,28.565026",1317.1,0,1,0,False,大学父POI入口字段是校区入口代理；不使用公交站或内部学院点；尚未现场确认校门,True,True
永叔路,B031700597,江西行政学院,455.36,"115.903277,28.669646",374.24,0,11,1,True,大学父POI入口字段是校区入口代理；不使用公交站或内部学院点；尚未现场确认校门,True,False
永叔路,B031704EF4,江西制造学院(科研校区),1029.53,"115.913373,28.672614",1016.5,0,1,0,False,大学父POI入口字段是校区入口代理；不使用公交站或内部学院点；尚未现场确认校门,True,True
永叔路,B0FFG7STDH,华东交通大学研究生教育创新基地,1614.38,"115.921693,28.665026",1608.66,0,1,0,False,大学父POI入口字段是校区入口代理；不使用公交站或内部学院点；尚未现场确认校门,False,False
永叔路,B031704Q8S,南昌大学江西医学院,1892.21,"115.903597,28.683647",1880.59,0,25,0,False,大学父POI入口字段是校区入口代理；不使用公交站或内部学院点；尚未现场确认校门,False,False
永叔路,B0FFFFWKJ9,江西师范大学MBA教育中心,1922.54,"115.922807,28.674805",1923.28,0,2,0,False,大学父POI入口字段是校区入口代理；不使用公交站或内部学院点；尚未现场确认校门,False,False
永叔路,B0FFI13TDE,喉串烧烤学院(福州路店),1935.21,,,0,1,0,False,大学父POI入口字段是校区入口代理；不使用公交站或内部学院点；尚未现场确认校门,False,False
国博,B0LUNZVSBQ,中航飞行学院,112.47,"115.79671865584436,28.607490129750666",115.9,0,1,0,True,大学父POI入口字段是校区入口代理；不使用公交站或内部学院点；尚未现场确认校门,True,False
桃苑,B0KDXC0NZA,江西开放大学(西湖校区),1194.43,,,0,8,0,False,大学父POI入口字段是校区入口代理；不使用公交站或内部学院点；尚未现场确认校门,False,False
桃苑,B031700597,江西行政学院,1696.78,"115.903277,28.669646",1703.75,0,11,1,False,大学父POI入口字段是校区入口代理；不使用公交站或内部学院点；尚未现场确认校门,False,False
桃苑,B0LBS5Q64M,江西师范高等专科学校护理与视光学院实习就业基地,1972.64,"115.889200,28.677527",1982.52,0,1,0,False,大学父POI入口字段是校区入口代理；不使用公交站或内部学院点；尚未现场确认校门,False,False
桃苑,B031704Q8S,南昌大学江西医学院,3098.63,"115.903597,28.683647",2974.56,0,25,0,False,大学父POI入口字段是校区入口代理；不使用公交站或内部学院点；尚未现场确认校门,False,False
前湖大道,B0KK0GV9SM,民航学院,682.23,,,0,3,0,False,大学父POI入口字段是校区入口代理；不使用公交站或内部学院点；尚未现场确认校门,False,False
前湖大道,B031704SPE,南昌航空大学(前湖校区),737.26,"115.828786,28.656839",816.01,0,25,2,True,大学父POI入口字段是校区入口代理；不使用公交站或内部学院点；尚未现场确认校门,True,False
前湖大道,B031705HBA,南昌航空大学文化素质教育中心,902.24,"115.826372,28.654067",870.95,0,1,0,True,大学父POI入口字段是校区入口代理；不使用公交站或内部学院点；尚未现场确认校门,True,False
坛子口,B0KDXC0NZA,江西开放大学(西湖校区),1426.78,,,0,8,0,False,大学父POI入口字段是校区入口代理；不使用公交站或内部学院点；尚未现场确认校门,False,False
坛子口,B0FFG7STDH,华东交通大学研究生教育创新基地,1509.78,"115.921693,28.665026",1506.21,0,1,0,False,大学父POI入口字段是校区入口代理；不使用公交站或内部学院点；尚未现场确认校门,False,False
坛子口,B031700597,江西行政学院,1577.57,"115.903277,28.669646",1501.33,0,11,1,False,大学父POI入口字段是校区入口代理；不使用公交站或内部学院点；尚未现场确认校门,False,False
坛子口,B031704EF4,江西制造学院(科研校区),1770.49,"115.913373,28.672614",1767.86,0,1,0,False,大学父POI入口字段是校区入口代理；不使用公交站或内部学院点；尚未现场确认校门,False,False
坛子口,B0LKS1K1R0,江西省医学科学院,1924.94,"115.918055,28.641844",1912.76,0,16,0,False,大学父POI入口字段是校区入口代理；不使用公交站或内部学院点；尚未现场确认校门,False,False
坛子口,B031704Q8S,南昌大学江西医学院,2980.19,"115.903597,28.683647",2994.45,0,25,0,False,大学父POI入口字段是校区入口代理；不使用公交站或内部学院点；尚未现场确认校门,False,False
孔目湖,B0317002E7,江西交通职业技术学院(经开区校区),355.32,"115.860691,28.730422",381.36,0,25,0,True,大学父POI入口字段是校区入口代理；不使用公交站或内部学院点；尚未现场确认校门,True,False
孔目湖,B031704QFV,江西财经大学(蛟桥园校区),1305.5,"115.85445,28.743152",1192.6,0,25,0,False,大学父POI入口字段是校区入口代理；不使用公交站或内部学院点；尚未现场确认校门,True,True
孔目湖,B0FFH5YTMB,华东交通大学(双港东校区),1495.8,"115.868503,28.743155",1536.99,0,25,1,False,大学父POI入口字段是校区入口代理；不使用公交站或内部学院点；尚未现场确认校门,False,False
起凤路,B03170337H,江西财经大学青山园校区,214.31,"115.917821,28.703391",132.98,0,17,0,True,大学父POI入口字段是校区入口代理；不使用公交站或内部学院点；尚未现场确认校门,True,False
起凤路,B0FFHTUQC0,江西财经大学青山南路校区网络信息管理中心,218.35,"115.916806,28.704327",214.14,0,1,0,True,大学父POI入口字段是校区入口代理；不使用公交站或内部学院点；尚未现场确认校门,True,False
起凤路,B0MD0RSR9E,江西行政学院,297.0,"115.91413279367933,28.702076478111618",285.8,0,11,1,False,大学父POI入口字段是校区入口代理；不使用公交站或内部学院点；尚未现场确认校门,False,False
起凤路,B0FFHTUVDU,江西财经大学青山南路校区水电管理服务中心水电管理科,349.49,"115.917054,28.705523",345.93,0,1,0,False,大学父POI入口字段是校区入口代理；不使用公交站或内部学院点；尚未现场确认校门,False,False
起凤路,B0FFI951W3,江西师范大学大学生就业指导工作站,1429.66,"115.91877538068337,28.6898159396113",1410.83,0,2,0,False,大学父POI入口字段是校区入口代理；不使用公交站或内部学院点；尚未现场确认校门,False,False
起凤路,B0M2265WXR,南昌大学第一临床医学院,1968.09,,,0,4,0,False,大学父POI入口字段是校区入口代理；不使用公交站或内部学院点；尚未现场确认校门,False,False
南昌大桥东,B0KDXC0NZA,江西开放大学(西湖校区),1924.7,,,0,8,0,False,大学父POI入口字段是校区入口代理；不使用公交站或内部学院点；尚未现场确认校门,False,False
墩子塘,B031701ST6,江西中医药大学(阳明校区),447.16,"115.899195,28.687583",519.44,0,12,0,True,大学父POI入口字段是校区入口代理；不使用公交站或内部学院点；尚未现场确认校门,True,False
墩子塘,B0LBS5Q64M,江西师范高等专科学校护理与视光学院实习就业基地,998.35,"115.889200,28.677527",989.97,0,1,0,False,大学父POI入口字段是校区入口代理；不使用公交站或内部学院点；尚未现场确认校门,False,False
墩子塘,B031704Q8S,南昌大学江西医学院,1093.74,"115.903597,28.683647",871.28,0,25,0,True,大学父POI入口字段是校区入口代理；不使用公交站或内部学院点；尚未现场确认校门,True,False
墩子塘,B0M2265WXR,南昌大学第一临床医学院,1418.34,,,0,4,0,False,大学父POI入口字段是校区入口代理；不使用公交站或内部学院点；尚未现场确认校门,False,False
墩子塘,B0FFI13TDE,喉串烧烤学院(福州路店),1636.78,,,0,1,0,False,大学父POI入口字段是校区入口代理；不使用公交站或内部学院点；尚未现场确认校门,False,False
墩子塘,B031700597,江西行政学院,1815.5,"115.903277,28.669646",1893.11,0,11,1,False,大学父POI入口字段是校区入口代理；不使用公交站或内部学院点；尚未现场确认校门,False,False
青山湖大道,B03170TY01,南昌大学科技学院网络中心,235.95,"115.946645,28.675609",254.72,0,2,0,True,大学父POI入口字段是校区入口代理；不使用公交站或内部学院点；尚未现场确认校门,True,False
青山湖大道,B03170TXS8,南昌大学青山湖校区南区工程训练中心,236.36,"115.946642,28.675608",254.91,0,1,0,True,大学父POI入口字段是校区入口代理；不使用公交站或内部学院点；尚未现场确认校门,True,False
青山湖大道,B0FFHKWMSP,江西工商专修学院,475.05,"115.952571,28.677331",491.62,0,25,1,False,大学父POI入口字段是校区入口代理；不使用公交站或内部学院点；尚未现场确认校门,False,False
青山湖大道,B031701M9F,南昌师范学院青山湖校区,549.32,"115.952430,28.677341",482.27,0,25,0,False,大学父POI入口字段是校区入口代理；不使用公交站或内部学院点；尚未现场确认校门,False,False
青山湖大道,B03170U58X,南昌大学(青山湖校区南区),560.06,"115.942732,28.677559",693.47,0,25,1,False,大学父POI入口字段是校区入口代理；不使用公交站或内部学院点；尚未现场确认校门,False,False
青山湖大道,B0H3AMCB3I,江西信息应用职业技术学院(青山湖校区),852.32,"115.940608,28.67639",833.75,0,1,0,False,大学父POI入口字段是校区入口代理；不使用公交站或内部学院点；尚未现场确认校门,False,False
国威路,B0317042KW,南昌大学(青山湖校区北区),484.24,"115.937276,28.681951",709.7,0,25,1,True,大学父POI入口字段是校区入口代理；不使用公交站或内部学院点；尚未现场确认校门,True,False
国威路,B0HB6XNKSC,江西传媒职业学院(青山湖校区),779.5,"115.93732,28.680304",863.76,0,8,0,True,大学父POI入口字段是校区入口代理；不使用公交站或内部学院点；尚未现场确认校门,True,False
国威路,B03170S2KZ,山西传媒学院江西教学站,844.51,,,0,1,0,False,大学父POI入口字段是校区入口代理；不使用公交站或内部学院点；尚未现场确认校门,False,False
国威路,B03170U58X,南昌大学(青山湖校区南区),1071.28,"115.942732,28.677559",1075.19,0,25,1,False,大学父POI入口字段是校区入口代理；不使用公交站或内部学院点；尚未现场确认校门,False,False
国威路,B0H3AMCB3I,江西信息应用职业技术学院(青山湖校区),1197.72,"115.940608,28.67639",1201.09,0,1,0,False,大学父POI入口字段是校区入口代理；不使用公交站或内部学院点；尚未现场确认校门,False,False
国威路,B0H1FZE0PW,江西行政学院(南京东路校区),1279.45,"115.953118,28.681879",1279.1,0,2,0,False,大学父POI入口字段是校区入口代理；不使用公交站或内部学院点；尚未现场确认校门,False,False
京家山,B0LKS1K1R0,江西省医学科学院,1173.07,"115.918055,28.641844",1163.61,0,16,0,False,大学父POI入口字段是校区入口代理；不使用公交站或内部学院点；尚未现场确认校门,True,True
京家山,B0KDXC0NZA,江西开放大学(西湖校区),1600.17,,,0,8,0,False,大学父POI入口字段是校区入口代理；不使用公交站或内部学院点；尚未现场确认校门,False,False
京家山,B031702ZHZ,南昌航空工业学院科技学院洪都教学部,1748.07,"115.923808,28.639656",1688.53,0,1,0,False,大学父POI入口字段是校区入口代理；不使用公交站或内部学院点；尚未现场确认校门,False,False
人民公园,B0FFI13TDE,喉串烧烤学院(福州路店),111.83,,,0,1,0,False,大学父POI入口字段是校区入口代理；不使用公交站或内部学院点；尚未现场确认校门,False,False
人民公园,B0M2265WXR,南昌大学第一临床医学院,375.45,,,0,4,0,False,大学父POI入口字段是校区入口代理；不使用公交站或内部学院点；尚未现场确认校门,False,False
人民公园,B031704Q8S,南昌大学江西医学院,624.84,"115.903597,28.683647",852.71,0,25,0,True,大学父POI入口字段是校区入口代理；不使用公交站或内部学院点；尚未现场确认校门,True,False
人民公园,B0FFI951W3,江西师范大学大学生就业指导工作站,891.19,"115.91877538068337,28.6898159396113",900.58,0,2,0,True,大学父POI入口字段是校区入口代理；不使用公交站或内部学院点；尚未现场确认校门,True,False
人民公园,B0MG2KZBJB,江西师范大学青山湖校区(北区),1061.86,"115.921689,28.678650",1091.02,0,25,1,False,大学父POI入口字段是校区入口代理；不使用公交站或内部学院点；尚未现场确认校门,False,False
人民公园,B031704EF4,江西制造学院(科研校区),1275.63,"115.913373,28.672614",1272.27,0,1,0,False,大学父POI入口字段是校区入口代理；不使用公交站或内部学院点；尚未现场确认校门,False,False
安丰,B0LUNZVSBQ,中航飞行学院,1264.07,"115.79671865584436,28.607490129750666",1260.55,0,1,0,False,大学父POI入口字段是校区入口代理；不使用公交站或内部学院点；尚未现场确认校门,True,True
北沥,B0FFFVOOKR,江西科技学院信息工程系(实践教学基地),1675.34,"115.967344,28.701254",1658.17,0,1,0,False,大学父POI入口字段是校区入口代理；不使用公交站或内部学院点；尚未现场确认校门,False,False
北沥,B0JB31FLHZ,南京工业大学国家大学科技园江西分园,1857.25,"115.969617,28.698889",1863.98,0,1,0,False,大学父POI入口字段是校区入口代理；不使用公交站或内部学院点；尚未现场确认校门,False,False
顺外,B0FFG7STDH,华东交通大学研究生教育创新基地,639.19,"115.921693,28.665026",644.98,0,1,0,True,大学父POI入口字段是校区入口代理；不使用公交站或内部学院点；尚未现场确认校门,True,False
顺外,B0FFFFWKJ9,江西师范大学MBA教育中心,1325.2,"115.922807,28.674805",1341.1,0,2,0,False,大学父POI入口字段是校区入口代理；不使用公交站或内部学院点；尚未现场确认校门,False,False
顺外,B0FFLI7BIM,江西师范大学软件学院,1350.49,"115.924439,28.675102",1319.65,0,3,0,False,大学父POI入口字段是校区入口代理；不使用公交站或内部学院点；尚未现场确认校门,True,True
顺外,B0FFI3YHKO,江西师范大学科技园文化创意产业指导中心,1354.18,"115.925097,28.675549",1352.09,0,1,0,False,大学父POI入口字段是校区入口代理；不使用公交站或内部学院点；尚未现场确认校门,False,False
顺外,B0LKCZ1KF0,江西师范大学人工智能学院,1368.17,"115.923605,28.675282",1363.03,0,2,0,False,大学父POI入口字段是校区入口代理；不使用公交站或内部学院点；尚未现场确认校门,False,False
顺外,B0FFF31L1H,江西师范大学青山湖校区高等职业技术学院,1413.65,,,0,1,0,False,大学父POI入口字段是校区入口代理；不使用公交站或内部学院点；尚未现场确认校门,False,False
京东大道,B0JB31FLHZ,南京工业大学国家大学科技园江西分园,764.08,"115.969617,28.698889",769.57,0,1,0,True,大学父POI入口字段是校区入口代理；不使用公交站或内部学院点；尚未现场确认校门,True,False
京东大道,B0FFFVOOKR,江西科技学院信息工程系(实践教学基地),1084.34,"115.967344,28.701254",1100.85,0,1,0,False,大学父POI入口字段是校区入口代理；不使用公交站或内部学院点；尚未现场确认校门,True,True
梁万,B0317058HX,四川农业大学教育学习中心,1135.48,"115.952093,28.697998",1177.31,0,1,0,False,大学父POI入口字段是校区入口代理；不使用公交站或内部学院点；尚未现场确认校门,True,True
梁万,B0H1FZE0PW,江西行政学院(南京东路校区),1155.84,"115.953118,28.681879",1170.46,0,2,0,False,大学父POI入口字段是校区入口代理；不使用公交站或内部学院点；尚未现场确认校门,True,True
梁万,B0JB31FLHZ,南京工业大学国家大学科技园江西分园,1335.8,"115.969617,28.698889",1316.7,0,1,0,False,大学父POI入口字段是校区入口代理；不使用公交站或内部学院点；尚未现场确认校门,False,False
梁万,B0FFFVOOKR,江西科技学院信息工程系(实践教学基地),1382.64,"115.967344,28.701254",1398.19,0,1,0,False,大学父POI入口字段是校区入口代理；不使用公交站或内部学院点；尚未现场确认校门,False,False
梁万,B031701M9F,南昌师范学院青山湖校区,1548.41,"115.952430,28.677341",1632.87,0,25,0,False,大学父POI入口字段是校区入口代理；不使用公交站或内部学院点；尚未现场确认校门,False,False
梁万,B0FFHKWMSP,江西工商专修学院,1641.65,"115.952571,28.677331",1627.38,0,25,1,False,大学父POI入口字段是校区入口代理；不使用公交站或内部学院点；尚未现场确认校门,False,False
施尧,B031702IOX,江西管理职业学院(梅湖校区),1401.42,"115.907206,28.602365",1426.54,0,2,0,False,大学父POI入口字段是校区入口代理；不使用公交站或内部学院点；尚未现场确认校门,True,True
彭家桥,B031704Q8U,江西水利电力大学(彭桥校区),280.37,"115.933724,28.674556",47.16,0,21,0,True,大学父POI入口字段是校区入口代理；不使用公交站或内部学院点；尚未现场确认校门,True,False
彭家桥,B0H3AMCB3I,江西信息应用职业技术学院(青山湖校区),726.08,"115.940608,28.67639",741.43,0,1,0,True,大学父POI入口字段是校区入口代理；不使用公交站或内部学院点；尚未现场确认校门,True,False
彭家桥,B0FFI3YHKO,江西师范大学科技园文化创意产业指导中心,823.71,"115.925097,28.675549",825.08,0,1,0,False,大学父POI入口字段是校区入口代理；不使用公交站或内部学院点；尚未现场确认校门,False,False
彭家桥,B03170S2KZ,山西传媒学院江西教学站,854.18,,,0,1,0,False,大学父POI入口字段是校区入口代理；不使用公交站或内部学院点；尚未现场确认校门,False,False
彭家桥,B0HB6XNKSC,江西传媒职业学院(青山湖校区),874.74,"115.93732,28.680304",775.53,0,8,0,False,大学父POI入口字段是校区入口代理；不使用公交站或内部学院点；尚未现场确认校门,False,False
彭家桥,B0FFHUC902,江西师范大学美术学院,892.67,"115.924749,28.676833",894.08,0,8,0,False,大学父POI入口字段是校区入口代理；不使用公交站或内部学院点；尚未现场确认校门,False,False
绿茵路,B0HRZDMVHB,南昌教育学院,1674.03,"115.853366,28.711836",1649.12,0,25,1,False,大学父POI入口字段是校区入口代理；不使用公交站或内部学院点；尚未现场确认校门,False,False
绿茵路,B0KR7ZH3PG,江西考否职教集团产业学院(总校区),1680.61,"115.853808,28.712206",1677.53,0,1,0,False,大学父POI入口字段是校区入口代理；不使用公交站或内部学院点；尚未现场确认校门,False,False
绿茵路,B0317056C9,江西电信学院(东北门),1697.72,"115.853580,28.712400",1704.0,0,8,0,False,大学父POI入口字段是校区入口代理；不使用公交站或内部学院点；尚未现场确认校门,False,False
绿茵路,B0FFIB4O6I,江西司法警官职业学院,1865.34,"115.845475,28.710715",1906.97,0,12,0,False,大学父POI入口字段是校区入口代理；不使用公交站或内部学院点；尚未现场确认校门,False,False
福州路,B031704Q8S,南昌大学江西医学院,436.72,"115.903597,28.683647",335.53,0,25,0,True,大学父POI入口字段是校区入口代理；不使用公交站或内部学院点；尚未现场确认校门,True,False
福州路,B031701ST6,江西中医药大学(阳明校区),823.98,"115.899195,28.687583",868.78,0,12,0,True,大学父POI入口字段是校区入口代理；不使用公交站或内部学院点；尚未现场确认校门,True,False
福州路,B0M2265WXR,南昌大学第一临床医学院,840.54,,,0,4,0,False,大学父POI入口字段是校区入口代理；不使用公交站或内部学院点；尚未现场确认校门,False,False
福州路,B0FFI13TDE,喉串烧烤学院(福州路店),853.52,,,0,1,0,False,大学父POI入口字段是校区入口代理；不使用公交站或内部学院点；尚未现场确认校门,False,False
福州路,B031700597,江西行政学院,1167.15,"115.903277,28.669646",1222.7,0,11,1,False,大学父POI入口字段是校区入口代理；不使用公交站或内部学院点；尚未现场确认校门,False,False
福州路,B031704EF4,江西制造学院(科研校区),1343.51,"115.913373,28.672614",1328.76,0,1,0,False,大学父POI入口字段是校区入口代理；不使用公交站或内部学院点；尚未现场确认校门,False,False
楞上,B0MUDLJHEG,南昌航空大学文法学院,430.95,,,0,3,0,False,大学父POI入口字段是校区入口代理；不使用公交站或内部学院点；尚未现场确认校门,False,False
楞上,B0FFH6SY87,江西制造职业技术学院(上海路校区),481.79,"115.937262,28.649309",565.04,0,1,0,True,大学父POI入口字段是校区入口代理；不使用公交站或内部学院点；尚未现场确认校门,True,False
楞上,B0FFFOGLQ3,南昌航空大学上海路校区3教学楼,573.35,"115.943971,28.655776",575.17,0,2,0,True,大学父POI入口字段是校区入口代理；不使用公交站或内部学院点；尚未现场确认校门,True,False
楞上,B0FFHSSAQJ,南昌航空大学(上海路校区),627.51,"115.939840,28.655629",620.85,0,25,0,False,大学父POI入口字段是校区入口代理；不使用公交站或内部学院点；尚未现场确认校门,False,False
楞上,B0MABCSKA3,江西现代技师学院一体化教学中心,1597.87,"115.95548756,28.65966056",1586.73,0,1,0,False,大学父POI入口字段是校区入口代理；不使用公交站或内部学院点；尚未现场确认校门,False,False
九龙湖南,B0M1R5IG15,江西传媒职业学院(九龙湖校区),1264.88,"115.780502,28.575716",1336.32,0,1,0,False,大学父POI入口字段是校区入口代理；不使用公交站或内部学院点；尚未现场确认校门,True,True
九龙湖南,B0KAFUH0UJ,江西工业贸易职业技术学院产教融合基地,1314.6,"115.780525,28.575719",1334.09,0,1,0,False,大学父POI入口字段是校区入口代理；不使用公交站或内部学院点；尚未现场确认校门,True,True
邓埠,B031704UNY,江西信息应用职业技术学院,586.16,"115.907250,28.587826",327.3,0,23,0,True,大学父POI入口字段是校区入口代理；不使用公交站或内部学院点；尚未现场确认校门,True,False
邓埠,B031702IOX,江西管理职业学院(梅湖校区),1506.9,"115.907206,28.602365",1436.38,0,2,0,False,大学父POI入口字段是校区入口代理；不使用公交站或内部学院点；尚未现场确认校门,True,True
生米,B0M1R5IG15,江西传媒职业学院(九龙湖校区),907.06,"115.780502,28.575716",1098.38,0,1,0,False,大学父POI入口字段是校区入口代理；不使用公交站或内部学院点；尚未现场确认校门,True,True
生米,B0KAFUH0UJ,江西工业贸易职业技术学院产教融合基地,1060.37,"115.780525,28.575719",1096.45,0,1,0,False,大学父POI入口字段是校区入口代理；不使用公交站或内部学院点；尚未现场确认校门,True,True
艾溪湖西,B0LDDR41PX,艾溪湖现代学院,1565.58,"115.988251,28.668410",1570.56,0,25,2,False,大学父POI入口字段是校区入口代理；不使用公交站或内部学院点；尚未现场确认校门,False,False
艾溪湖西,B0LUSU273T,瑶湖现代学院,1986.41,"115.993503,28.668498",2042.67,0,3,0,False,大学父POI入口字段是校区入口代理；不使用公交站或内部学院点；尚未现场确认校门,False,False
卧龙山,B0KK0GV9SM,民航学院,1894.55,,,0,3,0,False,大学父POI入口字段是校区入口代理；不使用公交站或内部学院点；尚未现场确认校门,False,False
卧龙山,B031704SPE,南昌航空大学(前湖校区),2096.38,"115.828786,28.656839",2872.54,0,25,2,False,大学父POI入口字段是校区入口代理；不使用公交站或内部学院点；尚未现场确认校门,False,False
南齿,B0L2PSPWLC,江西农业大学产业管理服务中心,1246.12,"115.839562,28.760763",1259.55,0,1,0,False,大学父POI入口字段是校区入口代理；不使用公交站或内部学院点；尚未现场确认校门,True,True
南齿,B031705GTW,江西农业大学保育院,1341.93,"115.837341,28.763048",1379.29,0,1,0,False,大学父POI入口字段是校区入口代理；不使用公交站或内部学院点；尚未现场确认校门,False,False
南齿,B031704ZD0,江西艺术职业学院(庐山中大道校区),1374.09,"115.857259,28.754622",1377.7,0,4,0,False,大学父POI入口字段是校区入口代理；不使用公交站或内部学院点；尚未现场确认校门,True,True
南齿,B0L0O9J8XD,江西农业大学东区外语楼,1555.84,"115.852404,28.751835",1556.71,0,3,0,False,大学父POI入口字段是校区入口代理；不使用公交站或内部学院点；尚未现场确认校门,False,False
南齿,B031700004,江西农业大学,1783.93,"115.836015,28.7619",1536.57,0,25,1,False,大学父POI入口字段是校区入口代理；不使用公交站或内部学院点；尚未现场确认校门,False,False
