station,category,sample_id,name,source_poi_id,entity_id,lng,lat,point_basis,public_access_status,selection,coordinate_system,commuter_group,source_method,source_request_id,parent_poi_id,point_name,source_url,selection_scope,selection_radius_m,straight_to_station_m,source_typecode,source_type
八一广场,住宅,八一广场_B0FFGA98LS,莎莎小区,B0FFGA98LS,B0FFGA98LS,115.902474,28.675477,api_entrance_coordinate_unverified,unknown,category_quota_distance_band_sha256,GCJ-02,resident,legacy_pilot_api_entrance,,,莎莎小区入口坐标,https://ditu.amap.com/place/B0FFGA98LS,primary_1000m,1000,41.85,,
八一广场,住宅,八一广场_B031705CL1,江西省工会住宅小区,B031705CL1,B031705CL1,115.904632,28.680809,api_entrance_coordinate_unverified,unknown,category_quota_distance_band_sha256,GCJ-02,resident,legacy_pilot_api_entrance,,,江西省工会住宅小区入口坐标,https://ditu.amap.com/place/B031705CL1,primary_1000m,1000,658.92,,
八一广场,住宅,八一广场_B0L1YGDSF8,云语轩小区,B0L1YGDSF8,B0L1YGDSF8,115.910902,28.675313,api_entrance_coordinate_unverified,unknown,category_quota_distance_band_sha256,GCJ-02,resident,legacy_pilot_api_entrance,,,云语轩小区入口坐标,https://ditu.amap.com/place/B0L1YGDSF8,primary_1000m,1000,803.81,,
八一广场,住宅,八一广场_B0FFF4G071,苏圃路1号住宅小区,B0FFF4G071,B0FFF4G071,115.900477,28.677891,api_entrance_coordinate_unverified,unknown,category_quota_distance_band_sha256,GCJ-02,resident,legacy_pilot_api_entrance,,,苏圃路1号住宅小区入口坐标,https://ditu.amap.com/place/B0FFF4G071,primary_1000m,1000,373.01,,
八一广场,写字楼,八一广场_B0MBSXF297,百银次元中心,B0MBSXF297,B0MBSXF297,115.903307,28.675991,api_entrance_coordinate_unverified,unknown,category_quota_distance_band_sha256,GCJ-02,other,legacy_pilot_api_entrance,,,百银次元中心入口坐标,https://ditu.amap.com/place/B0MBSXF297,primary_1000m,1000,113.48,,
八一广场,写字楼,八一广场_B0FFFY11GU,天御国际,B0FFFY11GU,B0FFFY11GU,115.899528,28.679499,api_entrance_coordinate_unverified,unknown,category_quota_distance_band_sha256,GCJ-02,other,legacy_pilot_api_entrance,,,天御国际入口坐标,https://ditu.amap.com/place/B0FFFY11GU,primary_1000m,1000,573.23,,
八一广场,写字楼,八一广场_B031704E2D,江西纺织大厦A座,B031704E2D,B031704E2D,115.895817,28.67596,api_entrance_coordinate_unverified,unknown,category_quota_distance_band_sha256,GCJ-02,other,legacy_pilot_api_entrance,,,江西纺织大厦A座入口坐标,https://ditu.amap.com/place/B031704E2D,primary_1000m,1000,674.26,,
八一广场,学校,八一广场_B03170ROTX,南昌市羊子巷小学,B03170ROTX,B03170ROTX,115.901131,28.674374,api_entrance_coordinate_unverified,unknown,category_quota_distance_band_sha256,GCJ-02,other,legacy_pilot_api_entrance,,,南昌市羊子巷小学入口坐标,https://ditu.amap.com/place/B03170ROTX,primary_1000m,1000,172.19,,
八一广场,学校,八一广场_B031704FI3,南昌市卫生学校,B031704FI3,B031704FI3,115.899528,28.67832,api_entrance_coordinate_unverified,unknown,category_quota_distance_band_sha256,GCJ-02,other,legacy_pilot_api_entrance,,,南昌市卫生学校入口坐标,https://ditu.amap.com/place/B031704FI3,primary_1000m,1000,467.64,,
八一广场,医院,八一广场_B0FFFKE5ZQ,江西省妇幼保健院八一大道院区住院部,B0FFFKE5ZQ,B0FFFKE5ZQ,115.902495,28.678216,api_entrance_coordinate_unverified,unknown,category_quota_distance_band_sha256,GCJ-02,other,legacy_pilot_api_entrance,,,江西省妇幼保健院八一大道院区住院部入口坐标,https://ditu.amap.com/place/B0FFFKE5ZQ,primary_1000m,1000,342.44,,
地铁大厦,住宅,地铁大厦_B03170351S,江信国际花园,B03170351S,B03170351S,115.85406,28.683173,api_entrance_coordinate_unverified,unknown,category_quota_distance_band_sha256,GCJ-02,resident,legacy_pilot_api_entrance,,,江信国际花园入口坐标,https://ditu.amap.com/place/B03170351S,primary_1000m,1000,191.7,,
地铁大厦,住宅,地铁大厦_B031704THU,滨江豪园,B031704THU,B031704THU,115.854938,28.681035,api_entrance_coordinate_unverified,unknown,category_quota_distance_band_sha256,GCJ-02,resident,legacy_pilot_api_entrance,,,滨江豪园入口坐标,https://ditu.amap.com/place/B031704THU,primary_1000m,1000,419.9,,
地铁大厦,住宅,地铁大厦_B0L2GKS5QQ,普瑞花园2区,B0L2GKS5QQ,B0L2GKS5QQ,115.853942,28.676644,api_entrance_coordinate_unverified,unknown,category_quota_distance_band_sha256,GCJ-02,resident,legacy_pilot_api_entrance,,,普瑞花园2区入口坐标,https://ditu.amap.com/place/B0L2GKS5QQ,primary_1000m,1000,840.23,,
地铁大厦,住宅,地铁大厦_B0FFH3XEAU,世纪中央城2期,B0FFH3XEAU,B0FFH3XEAU,115.849299,28.683875,api_entrance_coordinate_unverified,unknown,category_quota_distance_band_sha256,GCJ-02,resident,legacy_pilot_api_entrance,,,世纪中央城2期入口坐标,https://ditu.amap.com/place/B0FFH3XEAU,primary_1000m,1000,301.96,,
地铁大厦,写字楼,地铁大厦_B0HRYDH7DG,中信银行大厦,B0HRYDH7DG,B0HRYDH7DG,115.854431,28.683733,api_entrance_coordinate_unverified,unknown,category_quota_distance_band_sha256,GCJ-02,other,legacy_pilot_api_entrance,,,中信银行大厦入口坐标,https://ditu.amap.com/place/B0HRYDH7DG,primary_1000m,1000,203.1,,
地铁大厦,写字楼,地铁大厦_B0FFH2JAJS,绿地中央广场-D2号商业楼,B0FFH2JAJS,B0FFH2JAJS,115.855771,28.686464,api_entrance_coordinate_unverified,unknown,category_quota_distance_band_sha256,GCJ-02,other,legacy_pilot_api_entrance,,,绿地中央广场-D2号商业楼入口坐标,https://ditu.amap.com/place/B0FFH2JAJS,primary_1000m,1000,423.72,,
地铁大厦,写字楼,地铁大厦_B0LRLKLI55,中顺集团大厦,B0LRLKLI55,B0LRLKLI55,115.861701,28.687225,api_entrance_coordinate_unverified,unknown,category_quota_distance_band_sha256,GCJ-02,other,legacy_pilot_api_entrance,,,中顺集团大厦入口坐标,https://ditu.amap.com/place/B0LRLKLI55,primary_1000m,1000,973.79,,
地铁大厦,学校,地铁大厦_B0H6ZCSL7G,智领早幼教集团旗舰园(绿地中央广场店),B0H6ZCSL7G,B0H6ZCSL7G,115.854676,28.684388,api_entrance_coordinate_unverified,unknown,category_quota_distance_band_sha256,GCJ-02,other,legacy_pilot_api_entrance,,,智领早幼教集团旗舰园(绿地中央广场店)入口坐标,https://ditu.amap.com/place/B0H6ZCSL7G,primary_1000m,1000,226.07,,
地铁大厦,学校,地铁大厦_B0LGF5R9VT,南昌爱尔福婴幼中心,B0LGF5R9VT,B0LGF5R9VT,115.8544079691965,28.681164601155132,api_entrance_coordinate_unverified,unknown,category_quota_distance_band_sha256,GCJ-02,other,legacy_pilot_api_entrance,,,南昌爱尔福婴幼中心入口坐标,https://ditu.amap.com/place/B0LGF5R9VT,primary_1000m,1000,379.09,,
地铁大厦,医院,地铁大厦_B0IUJHHGMK,南昌格丽思医疗美容诊所,B0IUJHHGMK,B0IUJHHGMK,115.850423,28.686436,api_entrance_coordinate_unverified,unknown,category_quota_distance_band_sha256,GCJ-02,other,legacy_pilot_api_entrance,,,南昌格丽思医疗美容诊所入口坐标,https://ditu.amap.com/place/B0IUJHHGMK,primary_1000m,1000,324.86,,
瑶湖西,住宅,瑶湖西_B0G2JUHXM9,赣电东方城,B0G2JUHXM9,B0G2JUHXM9,116.037174,28.6698,api_entrance_coordinate_unverified,unknown,category_quota_distance_band_sha256,GCJ-02,resident,legacy_pilot_api_entrance,,,赣电东方城入口坐标,https://ditu.amap.com/place/B0G2JUHXM9,primary_1000m,1000,281.38,,
瑶湖西,住宅,瑶湖西_B0LANRY0F4,奥林匹克体育中心运动员公寓,B0LANRY0F4,B0LANRY0F4,116.033865,28.669765,api_entrance_coordinate_unverified,unknown,category_quota_distance_band_sha256,GCJ-02,resident,legacy_pilot_api_entrance,,,奥林匹克体育中心运动员公寓入口坐标,https://ditu.amap.com/place/B0LANRY0F4,primary_1000m,1000,509.64,,
瑶湖西,住宅,瑶湖西_B03170S72W,君汇半岛,B03170S72W,B03170S72W,116.039366,28.678407,api_entrance_coordinate_unverified,unknown,category_quota_distance_band_sha256,GCJ-02,resident,legacy_pilot_api_entrance,,,君汇半岛入口坐标,https://ditu.amap.com/place/B03170S72W,primary_1000m,1000,707.23,,
瑶湖西,学校,瑶湖西_B03170TY5K,江西师范大学(瑶湖校区),B0FFGZBKBF,B03170TY5K,116.032698,28.673759,campus_api_entrance_unverified,unknown,category_quota_distance_band_sha256,GCJ-02,student,legacy_parent_detail_entr_location,da4f901a851ea36c0404_20261004T142413012444Z,B03170TY5K,江西师范大学(瑶湖校区)高德入口字段,https://ditu.amap.com/place/B03170TY5K,primary_1000m,1000,581.5,,
秋水广场,住宅,秋水广场_B031704THU,滨江豪园,B031704THU,B031704THU,115.854938,28.681035,api_entrance_coordinate_unverified,excluded_from_scope,category_quota_distance_band_sha256,GCJ-02,resident,official_poi_entr_location,92b4432e6cebe8971ea7_20261004T154527570317Z,,滨江豪园入口坐标,https://ditu.amap.com/place/B031704THU,primary_1000m,1000,491.22,,
秋水广场,住宅,秋水广场_B0L2GKS5QQ,普瑞花园2区,B0L2GKS5QQ,B0L2GKS5QQ,115.853942,28.676644,api_entrance_coordinate_unverified,excluded_from_scope,category_quota_distance_band_sha256,GCJ-02,resident,official_poi_entr_location,92b4432e6cebe8971ea7_20261004T154527570317Z,,普瑞花园2区入口坐标,https://ditu.amap.com/place/B0L2GKS5QQ,primary_1000m,1000,768.84,,
秋水广场,住宅,秋水广场_B0317052E7,普瑞花园,B0317052E7,B0317052E7,115.856341,28.676107,api_entrance_coordinate_unverified,excluded_from_scope,category_quota_distance_band_sha256,GCJ-02,resident,official_poi_entr_location,92b4432e6cebe8971ea7_20261004T154527570317Z,,普瑞花园入口坐标,https://ditu.amap.com/place/B0317052E7,primary_1000m,1000,658.15,,
秋水广场,住宅,秋水广场_B0FFFPM4IO,红谷春天花园北园,B0FFHRQ3HI,B0FFFPM4IO,115.855599,28.672982,api_entrance_coordinate_unverified,excluded_from_scope,category_quota_distance_band_sha256,GCJ-02,resident,official_poi_entr_location,92b4432e6cebe8971ea7_20261004T154527570317Z,B0FFFPM4IO,红谷春天花园北园入口坐标,https://ditu.amap.com/place/B0FFHRQ3HI,primary_1000m,1000,997.95,,
秋水广场,写字楼,秋水广场_B03170SVWK,秋水广场运营中心,B0LDYU1PZ7,B03170SVWK,115.861863,28.683218,api_entrance_coordinate_unverified,excluded_from_scope,category_quota_distance_band_sha256,GCJ-02,other,official_poi_entr_location,7d6e9cf03b52678cc4e3_20261004T154529265278Z,B03170SVWK,秋水广场运营中心入口坐标,https://ditu.amap.com/place/B0LDYU1PZ7,primary_1000m,1000,299.53,,
秋水广场,写字楼,秋水广场_B0HRYDH7DG,中信银行大厦,B0HRYDH7DG,B0HRYDH7DG,115.854431,28.683733,api_entrance_coordinate_unverified,excluded_from_scope,category_quota_distance_band_sha256,GCJ-02,other,official_poi_entr_location,7d6e9cf03b52678cc4e3_20261004T154529265278Z,,中信银行大厦入口坐标,https://ditu.amap.com/place/B0HRYDH7DG,primary_1000m,1000,615.08,,
师大南路,住宅,师大南路_B0LDN6SAPR,南柴小区,B0LDN6SAPR,B0LDN6SAPR,115.921179,28.673885,api_entrance_coordinate_unverified,excluded_from_scope,category_quota_distance_band_sha256,GCJ-02,resident,official_poi_entr_location,049ef0f2cbd947f41b3a_20261004T154537372873Z,,南柴小区入口坐标,https://ditu.amap.com/place/B0LDN6SAPR,primary_1000m,1000,295.48,,
师大南路,住宅,师大南路_B031705BCC,江西省农行小区,B031705BCC,B031705BCC,115.922352,28.671588,api_entrance_coordinate_unverified,excluded_from_scope,category_quota_distance_band_sha256,GCJ-02,resident,official_poi_entr_location,049ef0f2cbd947f41b3a_20261004T154537372873Z,,江西省农行小区入口坐标,https://ditu.amap.com/place/B031705BCC,primary_1000m,1000,326.47,,
师大南路,住宅,师大南路_B0LKZXGNCV,栩苑,B0LKZXGNCV,B0LKZXGNCV,115.926173,28.675016,api_entrance_coordinate_unverified,excluded_from_scope,category_quota_distance_band_sha256,GCJ-02,resident,official_poi_entr_location,049ef0f2cbd947f41b3a_20261004T154537372873Z,,栩苑入口坐标,https://ditu.amap.com/place/B0LKZXGNCV,primary_1000m,1000,221.04,,
师大南路,住宅,师大南路_B0JBS5TDQG,江西师范大学附属中学(住宅区),B0JBS5TDQG,B0JBS5TDQG,115.923943,28.673627,api_entrance_coordinate_unverified,excluded_from_scope,category_quota_distance_band_sha256,GCJ-02,resident,official_poi_entr_location,049ef0f2cbd947f41b3a_20261004T154537372873Z,,江西师范大学附属中学(住宅区)入口坐标,https://ditu.amap.com/place/B0JBS5TDQG,primary_1000m,1000,51.88,,
师大南路,写字楼,师大南路_B0L0B5U7X9,地铁文教综合楼,B0L0B5U7X9,B0L0B5U7X9,115.925586,28.67412,api_entrance_coordinate_unverified,excluded_from_scope,category_quota_distance_band_sha256,GCJ-02,other,official_poi_entr_location,67d49f0f73519315149d_20261004T154539063610Z,,地铁文教综合楼入口坐标,https://ditu.amap.com/place/B0L0B5U7X9,primary_1000m,1000,135.26,,
师大南路,写字楼,师大南路_B031702MUJ,京城大厦(洪都北大道),B031702MUJ,B031702MUJ,115.927683,28.674708,api_entrance_coordinate_unverified,excluded_from_scope,category_quota_distance_band_sha256,GCJ-02,other,official_poi_entr_location,67d49f0f73519315149d_20261004T154539063610Z,,京城大厦(洪都北大道)入口坐标,https://ditu.amap.com/place/B031702MUJ,primary_1000m,1000,347.68,,
师大南路,大学校门,师大南路_B0JBKZMCFR,江西师范大学(青山湖校区),B0JBKZMCFR,B0JBKZMCFR,115.923758,28.674344,campus_api_entrance_unverified,excluded_from_scope,nearest_parent_confirmed_campus_gate_within_selected_radius,GCJ-02,student,campus_api_entrance_unverified,a0ea3d55e1ede6884b40_20261004T154540870739Z,B0JBKZMCFR,江西师范大学(青山湖校区)高德入口字段,https://ditu.amap.com/place/B0JBKZMCFR,primary_1000m,1000,55.43,,
师大南路,大学校门,师大南路_B0GKLZI43U,江西开放大学(东湖校区),B0GKLZI43U,B0GKLZI43U,115.926914,28.678055,campus_api_entrance_unverified,excluded_from_scope,nearest_parent_confirmed_campus_gate_within_selected_radius,GCJ-02,student,campus_api_entrance_unverified,a0ea3d55e1ede6884b40_20261004T154540870739Z,B0GKLZI43U,江西开放大学(东湖校区)高德入口字段,https://ditu.amap.com/place/B0GKLZI43U,primary_1000m,1000,519.48,,
学府大道东,住宅,学府大道东_B03170RNR3,南昌水城艺术村,B03170RNR3,B03170RNR3,115.840879,28.661682,api_entrance_coordinate_unverified,excluded_from_scope,category_quota_distance_band_sha256,GCJ-02,resident,official_poi_entr_location,921dbdf544efe92fd8cb_20261004T154547445413Z,,南昌水城艺术村入口坐标,https://ditu.amap.com/place/B03170RNR3,primary_1000m,1000,320.7,,
学府大道东,住宅,学府大道东_B0FFG77LML,紫金园小区二期,B03170S5GD,B0FFG77LML,115.834529,28.655267,api_entrance_coordinate_unverified,excluded_from_scope,category_quota_distance_band_sha256,GCJ-02,resident,official_poi_entr_location,921dbdf544efe92fd8cb_20261004T154547445413Z,B0FFG77LML,紫金园小区二期入口坐标,https://ditu.amap.com/place/B03170S5GD,primary_1000m,1000,629.68,,
学府大道东,住宅,学府大道东_B0GRN58PHU,华润悦府,B0GRN58PHU,B0GRN58PHU,115.84442,28.652414,api_entrance_coordinate_unverified,excluded_from_scope,category_quota_distance_band_sha256,GCJ-02,resident,official_poi_entr_location,921dbdf544efe92fd8cb_20261004T154547445413Z,,华润悦府入口坐标,https://ditu.amap.com/place/B0GRN58PHU,primary_1000m,1000,918.65,,
学府大道东,住宅,学府大道东_B031705ZEE,绿湖豪城,B031705ZEE,B031705ZEE,115.835906,28.66613,api_entrance_coordinate_unverified,excluded_from_scope,category_quota_distance_band_sha256,GCJ-02,resident,official_poi_entr_location,921dbdf544efe92fd8cb_20261004T154547445413Z,,绿湖豪城入口坐标,https://ditu.amap.com/place/B031705ZEE,primary_1000m,1000,827.53,,
学府大道东,写字楼,学府大道东_B0FFFGLNQL,世贸APM商业街,B0KUFK4TX9,B0FFFGLNQL,115.839102,28.657131,api_entrance_coordinate_unverified,excluded_from_scope,category_quota_distance_band_sha256,GCJ-02,other,official_poi_entr_location,bb9d1e07ce65a6236a5c_20261004T154549129519Z,B0FFFGLNQL,世贸APM商业街入口坐标,https://ditu.amap.com/place/B0KUFK4TX9,primary_1000m,1000,234.96,,
学府大道东,写字楼,学府大道东_B0FFK8E4B0,江西新华发行集团办公大楼,B0FFK8E4B0,B0FFK8E4B0,115.845412,28.659953,api_entrance_coordinate_unverified,excluded_from_scope,category_quota_distance_band_sha256,GCJ-02,other,official_poi_entr_location,bb9d1e07ce65a6236a5c_20261004T154549129519Z,,江西新华发行集团办公大楼入口坐标,https://ditu.amap.com/place/B0FFK8E4B0,primary_1000m,1000,618.67,,
学府大道东,大学校门,学府大道东_B031704SPE,南昌航空大学(前湖校区),B031704SPE,B031704SPE,115.828786,28.656839,campus_api_entrance_unverified,excluded_from_scope,nearest_parent_confirmed_campus_gate_within_selected_radius,GCJ-02,student,campus_api_entrance_unverified,34492959aa9d287c1695_20261004T154550764887Z,B031704SPE,南昌航空大学(前湖校区)高德入口字段,https://ditu.amap.com/place/B031704SPE,student_gate_extended_radius,1500,1043.47,,
奥体中心,住宅,奥体中心_B0LBRDJ6XI,闵李小区,B0LBRDJ6XI,B0LBRDJ6XI,116.023911,28.671297,api_entrance_coordinate_unverified,excluded_from_scope,category_quota_distance_band_sha256,GCJ-02,resident,official_poi_entr_location,59ea256c2edfba92e473_20261004T170630502436Z,,闵李小区入口坐标,https://ditu.amap.com/place/B0LBRDJ6XI,primary_1000m,1000,363.08,120302,商务住宅;住宅区;住宅小区
奥体中心,住宅,奥体中心_B0FFHEEMHV,日新小区,B0FFHEEMHV,B0FFHEEMHV,116.017163,28.67054,api_entrance_coordinate_unverified,excluded_from_scope,category_quota_distance_band_sha256,GCJ-02,resident,official_poi_entr_location,59ea256c2edfba92e473_20261004T170630502436Z,,日新小区入口坐标,https://ditu.amap.com/place/B0FFHEEMHV,primary_1000m,1000,858.64,120302,商务住宅;住宅区;住宅小区
奥体中心,住宅,奥体中心_B0M6T75AHV,天虹公寓,B0M6T75AHV,B0M6T75AHV,116.020531,28.674476,api_entrance_coordinate_unverified,excluded_from_scope,category_quota_distance_band_sha256,GCJ-02,resident,official_poi_entr_location,59ea256c2edfba92e473_20261004T170630502436Z,,天虹公寓入口坐标,https://ditu.amap.com/place/B0M6T75AHV,primary_1000m,1000,409.74,120302,商务住宅;住宅区;住宅小区
奥体中心,住宅,奥体中心_B0LDYCZFSR,昌东镇复建小区,B0LDYCZFSR,B0LDYCZFSR,116.016616,28.673549,api_entrance_coordinate_unverified,excluded_from_scope,category_quota_distance_band_sha256,GCJ-02,resident,official_poi_entr_location,59ea256c2edfba92e473_20261004T170630502436Z,,昌东镇复建小区入口坐标,https://ditu.amap.com/place/B0LDYCZFSR,primary_1000m,1000,798.46,120302,商务住宅;住宅区;住宅小区
奥体中心,写字楼,奥体中心_B0L2BCLAA0,航天国际广场A栋,B0L2BCLAA0,B0L2BCLAA0,116.018411,28.673895,api_entrance_coordinate_unverified,excluded_from_scope,category_quota_distance_band_sha256,GCJ-02,other,official_poi_entr_location,9798c6144dee6403d1e2_20261004T170632127366Z,,航天国际广场A栋入口坐标,https://ditu.amap.com/place/B0L2BCLAA0,primary_1000m,1000,620.01,120201,商务住宅;楼宇;商务写字楼
奥体中心,写字楼,奥体中心_B0GK1L287C,航空大厦A座,B0L1TO5AU7,B0GK1L287C,116.017865,28.673011,api_entrance_coordinate_unverified,excluded_from_scope,category_quota_distance_band_sha256,GCJ-02,other,official_poi_entr_location,9798c6144dee6403d1e2_20261004T170632127366Z,B0GK1L287C,航空大厦A座入口坐标,https://ditu.amap.com/place/B0L1TO5AU7,primary_1000m,1000,689.52,120201,商务住宅;楼宇;商务写字楼
奥体中心,大学校门,奥体中心_B0317062QC,江西科技学院,B0317062QC,B0317062QC,116.017712,28.675324,campus_api_entrance_unverified,excluded_from_scope,nearest_parent_confirmed_campus_gate_within_selected_radius,GCJ-02,student,campus_api_entrance_unverified,d54a4acd6ad2e6a10654_20261004T170933746541Z,B0317062QC,江西科技学院高德入口字段,https://ditu.amap.com/place/B0317062QC,primary_1000m,1500,691.13,141201,科教文化服务;学校;高等院校
奥体中心,大学校门,奥体中心_B03170TY5K,江西师范大学(瑶湖校区),B03170TY5K,B03170TY5K,116.032698,28.673759,campus_api_entrance_unverified,excluded_from_scope,nearest_parent_confirmed_campus_gate_within_selected_radius,GCJ-02,student,campus_api_entrance_unverified,da4f901a851ea36c0404_20261004T170935328066Z,B03170TY5K,江西师范大学(瑶湖校区)高德入口字段,https://ditu.amap.com/place/B03170TY5K,primary_1000m,1500,781.39,141201,科教文化服务;学校;高等院校
谢家村,住宅,谢家村_B0317062UP,城东电信小区,B0317062UP,B0317062UP,115.942633,28.673961,api_entrance_coordinate_unverified,excluded_from_scope,category_quota_distance_band_sha256,GCJ-02,resident,official_poi_entr_location,0fcaf46590a9e812e039_20261004T170644101051Z,,城东电信小区入口坐标,https://ditu.amap.com/place/B0317062UP,primary_1000m,1000,191.85,120302,商务住宅;住宅区;住宅小区
谢家村,住宅,谢家村_B0FFGD3EQR,青苑公寓,B0FFGD3EQR,B0FFGD3EQR,115.940581,28.676397,api_entrance_coordinate_unverified,excluded_from_scope,category_quota_distance_band_sha256,GCJ-02,resident,official_poi_entr_location,0fcaf46590a9e812e039_20261004T170644101051Z,,青苑公寓入口坐标,https://ditu.amap.com/place/B0FFGD3EQR,primary_1000m,1000,238.0,120302,商务住宅;住宅区;住宅小区
谢家村,住宅,谢家村_B0FFFTMXE0,南昌供电局住宅,B0FFFTMXE0,B0FFFTMXE0,115.940914,28.672778,api_entrance_coordinate_unverified,excluded_from_scope,category_quota_distance_band_sha256,GCJ-02,resident,official_poi_entr_location,0fcaf46590a9e812e039_20261004T170644101051Z,,南昌供电局住宅入口坐标,https://ditu.amap.com/place/B0FFFTMXE0,primary_1000m,1000,166.05,120302,商务住宅;住宅区;住宅小区
谢家村,住宅,谢家村_B031702N3F,南客住宅区,B031702N3F,B031702N3F,115.940596,28.676952,api_entrance_coordinate_unverified,excluded_from_scope,category_quota_distance_band_sha256,GCJ-02,resident,official_poi_entr_location,0fcaf46590a9e812e039_20261004T170644101051Z,,南客住宅区入口坐标,https://ditu.amap.com/place/B031702N3F,primary_1000m,1000,299.61,120302,商务住宅;住宅区;住宅小区
谢家村,写字楼,谢家村_B03170SX7J,锦海东方银座B栋,B0MU57U639,B03170SX7J,115.94140626696132,28.674112983911826,api_entrance_coordinate_unverified,excluded_from_scope,category_quota_distance_band_sha256,GCJ-02,other,official_poi_entr_location,61883c39199fbe6cd156_20261004T170645761994Z,B03170SX7J,锦海东方银座B栋入口坐标,https://ditu.amap.com/place/B0MU57U639,primary_1000m,1000,71.17,120201,商务住宅;楼宇;商务写字楼
谢家村,写字楼,谢家村_B031704TZP,恒茂国际都会商业A楼,B0LR0XPOZP,B031704TZP,115.937275,28.674161,api_entrance_coordinate_unverified,excluded_from_scope,category_quota_distance_band_sha256,GCJ-02,other,official_poi_entr_location,61883c39199fbe6cd156_20261004T170645761994Z,B031704TZP,恒茂国际都会商业A楼入口坐标,https://ditu.amap.com/place/B0LR0XPOZP,primary_1000m,1000,333.93,120201,商务住宅;楼宇;商务写字楼
谢家村,大学校门,谢家村_B0H3AMCB3I,江西信息应用职业技术学院(青山湖校区),B0H3AMCB3I,B0H3AMCB3I,115.940608,28.67639,campus_api_entrance_unverified,excluded_from_scope,nearest_parent_confirmed_campus_gate_within_selected_radius,GCJ-02,student,campus_api_entrance_unverified,afc16d70bd87b923eb04_20261004T170647517138Z,B0H3AMCB3I,江西信息应用职业技术学院(青山湖校区)高德入口字段,https://ditu.amap.com/place/B0H3AMCB3I,primary_1000m,1500,237.11,141201,科教文化服务;学校;高等院校
谢家村,大学校门,谢家村_B03170U58X,南昌大学(青山湖校区南区),B03170U58X,B03170U58X,115.942732,28.677559,campus_api_entrance_unverified,excluded_from_scope,nearest_parent_confirmed_campus_gate_within_selected_radius,GCJ-02,student,campus_api_entrance_unverified,afc16d70bd87b923eb04_20261004T170647517138Z,B03170U58X,南昌大学(青山湖校区南区)高德入口字段,https://ditu.amap.com/place/B03170U58X,primary_1000m,1500,417.25,141201,科教文化服务;学校;高等院校
双港,住宅,双港_B031704XQH,德益财苑,B031704XQH,B031704XQH,115.859179,28.743716,api_entrance_coordinate_unverified,excluded_from_scope,category_quota_distance_band_sha256,GCJ-02,resident,official_poi_entr_location,e1bd5232fb839fbc8e1a_20261004T170709700554Z,,德益财苑入口坐标,https://ditu.amap.com/place/B031704XQH,primary_1000m,1000,202.13,120302,商务住宅;住宅区;住宅小区
双港,住宅,双港_B0JR4H7HUO,江西仪器厂小区,B0JR4H7HUO,B0JR4H7HUO,115.857943,28.746137,api_entrance_coordinate_unverified,excluded_from_scope,category_quota_distance_band_sha256,GCJ-02,resident,official_poi_entr_location,e1bd5232fb839fbc8e1a_20261004T170709700554Z,,江西仪器厂小区入口坐标,https://ditu.amap.com/place/B0JR4H7HUO,primary_1000m,1000,457.43,120302,商务住宅;住宅区;住宅小区
双港,住宅,双港_B0L216SCUT,下罗村财大公寓楼,B0L216SCUT,B0L216SCUT,115.852874,28.741425,api_entrance_coordinate_unverified,excluded_from_scope,category_quota_distance_band_sha256,GCJ-02,resident,official_poi_entr_location,e1bd5232fb839fbc8e1a_20261004T170709700554Z,,下罗村财大公寓楼入口坐标,https://ditu.amap.com/place/B0L216SCUT,primary_1000m,1000,827.79,120300,商务住宅;住宅区;住宅区
双港,住宅,双港_B0LUTR49NY,棉麻厂公寓,B0LUTR49NY,B0LUTR49NY,115.862399,28.743603,api_entrance_coordinate_unverified,excluded_from_scope,category_quota_distance_band_sha256,GCJ-02,resident,official_poi_entr_location,e1bd5232fb839fbc8e1a_20261004T170709700554Z,,棉麻厂公寓入口坐标,https://ditu.amap.com/place/B0LUTR49NY,primary_1000m,1000,133.71,120302,商务住宅;住宅区;住宅小区
双港,写字楼,双港_B031702NBL,立通大厦,B031702NBL,B031702NBL,115.866801,28.74306,api_entrance_coordinate_unverified,excluded_from_scope,category_quota_distance_band_sha256,GCJ-02,other,official_poi_entr_location,414a92b388b4525f3203_20261004T170711379263Z,,立通大厦入口坐标,https://ditu.amap.com/place/B031702NBL,primary_1000m,1000,551.96,120201,商务住宅;楼宇;商务写字楼
双港,写字楼,双港_B0FFHSHOCC,凯丰大厦,B0FFHSHOCC,B0FFHSHOCC,115.851245,28.743109,api_entrance_coordinate_unverified,excluded_from_scope,category_quota_distance_band_sha256,GCJ-02,other,official_poi_entr_location,414a92b388b4525f3203_20261004T170711379263Z,,凯丰大厦入口坐标,https://ditu.amap.com/place/B0FFHSHOCC,primary_1000m,1000,964.71,120201,商务住宅;楼宇;商务写字楼
双港,大学校门,双港_B031704QFV,江西财经大学(蛟桥园校区),B031704QFV,B031704QFV,115.85445,28.743152,campus_api_entrance_unverified,excluded_from_scope,nearest_parent_confirmed_campus_gate_within_selected_radius,GCJ-02,student,campus_api_entrance_unverified,281d146fce8e11134512_20261004T170713195004Z,B031704QFV,江西财经大学(蛟桥园校区)高德入口字段,https://ditu.amap.com/place/B031704QFV,primary_1000m,1500,652.24,141201,科教文化服务;学校;高等院校
双港,大学校门,双港_B0FFH5YTMB,华东交通大学(双港东校区),B0FFH5YTMB,B0FFH5YTMB,115.868503,28.743155,campus_api_entrance_unverified,excluded_from_scope,nearest_parent_confirmed_campus_gate_within_selected_radius,GCJ-02,student,campus_api_entrance_unverified,52ed3359caf0ab79b52e_20261004T170947040004Z,B0FFH5YTMB,华东交通大学(双港东校区)高德入口字段,https://ditu.amap.com/place/B0FFH5YTMB,primary_1000m,1500,717.86,141201,科教文化服务;学校;高等院校
